x1,x2,x3,x4,x5,x6,x7,x8,x9,x10,x11,x12,x13,x14,x15,x16,x17,x18,x19,x20,y
-0.6730159454544142,-1.094860562871296,0.15806693790654974,-0.8670079157491869,1.2030841194684374,1.2684721713277993,-1.0618983865987892,1.8423159246752734,0.5212710173195981,0.45209999368265347,-1.7066014036859718,-1.033161280646844,0.017464048863853516,-1.6253269780013557,0.18829017206092447,0.20180174061465514,-1.9789954897447806,-0.9918869316505935,0.5088996562929137,0.40186589088090535,-0.6984431712256781
-1.7659188934281667,-0.6057054110083987,0.6168720362442663,-1.2539240592529712,-0.34738467176337845,-2.8218804961926827,-0.500929790725591,0.33671580786554245,-0.7308347721786513,0.17301645095364024,1.315722916366985,0.6226416466086926,-1.7899319495634705,-0.6577745340943972,1.790184108033889,0.34042010964936287,1.5974179445043322,0.22523847251493861,1.1884637551488841,0.12773785456422004,-2.337829724764594
-0.08637891936749176,-0.6736235457438682,-0.6848405256856277,0.005467044954203595,1.021398517531151,1.119847008433913,-1.7700458278910212,0.5342457156714489,1.011656993411708,0.007862185027288955,-0.5683728532570275,0.38759218838264753,1.0368996092812302,0.393238985905346,-0.2477225946733066,-0.2707489116211425,-0.19315093388140672,0.9093530041343971,1.2097194136572988,-0.02840801301816255,-0.34568105896094137
1.5426181026176176,0.6649974220137802,0.7029949948613182,1.0139662843544803,-0.030786627356491694,-1.1611167360161747,-1.2134820300401714,1.565937440405782,-1.0545044715071699,-0.1680394372354942,-0.3487365063750324,0.8569074823758603,1.011001839988438,0.7401445535756687,1.5112490016186153,-1.822363092158847,-0.8929322264788767,-0.3489692498048605,1.2495198525459341,-1.9290635058976788,3.7424482337403697
0.5022555258282209,0.3988526688897368,0.19263827142373047,0.2801055860924965,0.19542940306353696,0.5720029995362584,-0.18492784821472938,-0.1922508759643047,0.2670842439616777,-0.25649217843928107,-1.8544524845088521,-0.3338187766329662,-0.39666021346573427,0.00976845852110982,-1.402163633484117,1.9493829252934634,-1.1990668450312707,-2.1303647525227642,-0.2768155136472927,-0.7958737223099406,-0.6044813139824453
-1.4075354960963877,-0.1991840741608708,0.28017641834039864,-1.1032888561787042,0.5638392716223025,0.3978556576162618,-0.8276551966114726,-0.629613190635695,1.487866811525108,1.806828321683841,0.30054522569931585,0.6268348011365925,0.43137589589678704,-0.5882667720241239,0.6975034849297352,0.13154553505290564,-0.6649742262216931,-0.8398288764060103,1.3725066380425257,-1.4431129567140217,-1.4607294483081108
1.7296281716522768,1.9032876274405637,0.09659637881272432,1.0051300806019,0.7978959618830193,-1.523856332198401,1.0112544427018102,0.710349578118611,-1.8003949904087386,-1.2238617992855416,0.2622558948398326,-0.006509363306062349,0.39306098275831863,-0.29170519988765736,-0.7354881994132749,-1.2522968723164842,-2.535561248829597,-1.4841999083463993,-1.4690449823210885,1.1847191081121098,1.045843589148638
0.6855445221527128,-0.1687950887260335,-0.735240862399211,0.6398661259415336,0.46950572801497187,-0.17341406052383126,1.3328729816684486,0.614517417317732,0.13914376933272418,1.1073745068044265,0.17402952286994594,0.5439346700366807,0.5911703494080304,-1.8509949016044627,-0.6485851244761873,1.760313546549674,0.4169568236352949,-1.3479796331291325,1.6951758950105063,-0.2062320129799357,0.09724931908146808
0.08479200325007152,0.0002543184150772815,0.25502111315698994,-0.22783047195454081,0.8609015979427886,-0.9568813489240532,-0.31440340904400266,-3.041873933610503,0.7101716725103602,-0.40527675286317166,-1.124268969502778,-0.43069915566170425,-0.3091948761586799,0.30887232707720325,0.553953036951099,0.7237431083768195,0.26076626298834227,0.04113804464603321,-0.34040971966480343,0.47535259691656945,0.6484829769710013
-1.755825352523689,-0.882303169958611,0.6024767469918577,-1.1134195593775884,0.8042840037287378,-0.6580009265050991,0.1713675709821555,1.4761122318041866,-0.4137415198409874,0.10111064906229363,0.23728288062268435,-0.23075380537155468,0.5750805147932914,-2.1199093632282424,0.5879398643049103,0.519295328535586,-0.3385749463944092,1.6125958057100505,-0.6180466013114994,1.3121247498599098,-2.0014455995534415
-1.4670111948681073,-1.511542613911076,-0.9638389809873187,-0.8475581848893479,0.6906865622447134,-0.2869144449269127,-0.37373755863186336,-1.8229006127641545,-0.29455395317441724,-0.2550195233789665,0.3109186634906706,-0.5968527759482435,0.25687889072598863,1.2326603367574842,-0.9019810987811141,-1.0926071608235541,-1.4250431075626802,-0.07950692937829869,-0.97450911339916,1.1699027162628675,-2.155195106661011
1.4268279748742247,0.40647604241376045,-0.29923626863727215,0.8298663810162638,-0.3751754253532911,-1.5332480069479255,0.30355351754681303,0.06005793072762152,1.8184480875184725,0.7241214180675528,0.4799982166467314,0.2870936530198193,-0.39043493635857524,2.295188086623354,-1.6977272717571155,0.1141774328174524,-0.11568243743519904,0.3722316165543595,0.4068500047525033,-1.4414235287893555,-0.05624777677732429
-1.5921817810555643,-1.2874609413028888,-0.1944365006553593,-1.323917583670877,0.9123775656239425,-0.17965956808678282,-0.50988424766008,-0.9211409865255891,1.5023255130527062,0.8112925659011742,-1.0477843940924414,0.33311780100540156,0.2921163983411876,-0.9753198351709228,0.032216809295675386,0.5731478676892389,-0.6136500606552932,-1.3678955788330334,0.6863571834727191,2.135275095883331,-1.9759692457095672
-0.4966815497995438,0.7035596480092903,-0.8413721840403634,-0.3628864835375614,0.18933158530577143,-0.16416561230456606,-0.39768975824750646,0.3973523745075321,-1.306515280272689,-0.3609954715234992,0.3798719224312157,0.32759614645088225,-0.6279423988435896,2.2147302286587416,-1.0709086428550405,1.9531616833441858,1.5654722277396536,0.3437087319822376,0.019660163740654626,-0.5750178241240822,-1.312323143242572
-1.8314132182949638,-0.7367231265478448,0.8753178035656233,-1.0521488219822717,0.25622285770041037,0.052857403217882584,0.586775145846609,1.885199808305788,0.6584557997039373,-1.430432188667783,-0.28782748959217713,1.1393449389746015,1.4219312061234628,0.5118155222337752,0.7203318452451213,-1.1936602414890978,-0.7793533411425341,0.6191704333700542,1.655706297221235,-1.880585229940227,-2.0913612460807287
-1.7983423075711662,-1.239655252420889,-0.12107192005573736,-1.227538629154836,0.5120026015046277,-0.47053264394834754,1.251817335799914,-1.2800535621025233,-0.048396987351336206,-0.7391567659250562,-1.4554656970781106,-0.8521551099620293,-0.2195177822351127,-0.4748902057719372,-1.1246454181518222,-2.316007239115592,-0.5594291433791524,2.042767929692079,-0.05210514818429023,-1.7198729998322393,-2.44216843171229
1.1318114606074112,-0.4268453194276641,0.916946870555613,0.9154506449226592,0.7064706703485049,0.04967694006826353,1.3650363274493906,0.12355628979662893,0.6050130019066209,-1.6486448378767644,1.6569071265774697,1.2933591584512483,0.41579872145885555,-0.1378334774739219,1.174919615555198,0.6427364895945463,-0.2861891990094408,0.6690549094425405,-0.6110761136457755,-0.8802878598318297,2.802848789945596
-1.5415194590129482,-0.011224891363054601,0.15919739042064718,-1.057813000537021,0.9501468390894822,0.04990685895237529,-0.6868630894098173,-0.006165446592707861,0.18407888212837228,0.6860009915943925,-0.558020100318905,-1.8927195075535843,0.39248046078948207,1.8102195948013553,-0.4538145784074912,-0.4836416155198376,-1.275946006575958,-0.9561158036240046,0.4832644721555062,1.5390383340158593,-2.1204491098417577
0.7420185096842129,0.6246657745860636,1.4558710380039417,0.7312148137516398,0.7374367807381004,-0.7957694613473658,0.16093224335913325,0.46406186841825475,0.03541871288945664,0.3552697050735752,0.7084628593287846,0.6608943019209474,-0.6408734690913752,-1.5508994379834722,0.8968108039471026,-0.0731301167828642,0.5535073762185883,-0.37901252608708264,0.7988725073757631,-0.02551029944348451,1.941771206116337
-1.5131935190842367,-1.60633066934899,-0.6080724183748754,-0.6514514171777405,-0.24220250087048514,0.282571731369182,-0.02123008952464333,0.782729457634425,0.5779445510925832,0.31313608462558823,0.8657270571117651,0.3238852797836363,-0.26767632829794985,-0.5153870415564239,-1.8663019567869306,1.3837312245612967,-0.27881396458894564,0.5234784530842611,0.5700234166559446,0.3584991234520885,-1.8597203031031744
1.3322812035614007,-0.1870295889492316,0.9128822682027025,0.6404411154026919,-0.30096951420115264,0.5126018113615404,1.0270364848101008,0.31966073511066384,-1.1300907911122098,-0.8168799360162283,2.1872604558419138,0.5977336094902221,-0.6476564537916182,-0.5783875537704766,1.9899591862556445,-1.1822853427081546,0.35106390040867363,0.17249619700098032,0.5558179551102814,-0.4695996452809188,3.506696304477405
0.8361534293110324,0.43247479101033004,-0.26663715345847605,0.9222754753576232,1.025380225447838,-1.414604465014091,-0.14940386051957444,-1.1573085038693163,-0.11628986547804218,-0.560499738224948,0.5106265462621378,-0.31320724002621925,1.9756936441486557,0.3145705664486539,-0.4915245320716175,0.5367608933654884,-0.797874614710324,1.2907561405730885,-0.9395237773708339,-0.4052040978663043,0.4293748280829158
-1.6277531571584767,-0.8119456264958294,-1.152534768863234,-0.9576249295595569,0.8634745944647548,0.3165937126294482,-0.4351587161069952,-1.6975582438339258,-0.053486822406478694,0.6802962036409443,-1.0137143963811277,0.8742577788230054,0.414875534668112,0.20942186074277308,-0.8933858613278307,0.9190626970029178,-0.18060899869751926,0.8441682029619041,0.20126976022398912,0.4569240658324552,-2.3049157578320103
-1.1260885021870215,-2.078082876448863,-0.7391977729346374,-1.2253977211276599,0.48634504054084726,-1.9977987668866337,0.5199600399724265,-0.060307789176895166,1.5237912344635087,1.440964648604188,0.3957517125434504,1.7318520820784402,0.8919872265647403,-1.785899406896502,-1.2139186577709427,-0.12606874713945623,-1.4047533176458753,0.13013013567942694,-1.0508517211493302,-0.22858304894283382,-1.8661598592856998
-0.05966570863411613,0.3905958624341676,-0.30141342029855034,0.005848813183386259,1.0362425203803016,0.0777215936681566,0.19702366722286166,0.18114721093349928,2.285368073239096,-1.4620375132853602,0.30495849699895244,0.9659995049854277,0.1678337690347144,-0.794425554892594,0.31891582214951786,-0.5069147797732623,0.693196055375612,-0.626866636175348,-0.9794987257728123,-0.17348136984570792,0.23229518164950183
-0.9616428540665711,-0.04041583319969316,0.3192034804422142,-0.5962677155421815,0.5762566116247843,-0.34361048254455046,1.771736780421536,0.4146507356693768,-1.1917974945803265,1.5841741539866117,0.8802812274981426,1.2210531329895622,0.2152633660469079,0.5008415609805627,-0.6119908366321831,0.24075154099881393,-0.7157954753587131,0.035596314406468,-0.032405581786021986,1.4869380714176372,-1.570570861464855
-1.4995647986726004,-0.8202974237654589,0.21830627241297218,-1.3038226489971128,-0.39536210492535556,0.6043537733042778,0.46233884345530385,1.6216351571921046,-0.595812951573826,-0.6684852202036444,-0.714603282652206,1.7341954520469627,-0.21206531181790023,-0.3172258882640223,-1.995892293303252,-1.6573755416559788,0.105008278146721,0.9216279121111629,-1.3584940068247104,-0.8667054694861702,-1.737915719371141
0.18696422271683089,-0.8335791028284252,-2.361061561553741,0.23939911194180538,-0.03813617037425422,1.0381371211911474,0.21238660467298112,-0.9429813986929135,-0.5185033501555935,-0.47244215577898985,-0.49537346800941234,-0.9903199143243411,0.817702952609502,-1.3495821456917991,-1.7315478098192583,-0.41077596681699824,0.12622573355131417,-0.42174924959294813,-0.783935358677992,0.6043397163450889,-0.866710122932268
-0.22440665598106024,-0.1751666661787471,0.9129812677368696,-0.1263295415939034,0.490950025555831,-0.7421651411417374,-1.024710917634401,1.3180539568594276,-0.45944383437944325,1.973930703560825,-0.8990019410753421,0.2472738180127673,1.1573813499794567,1.1397276538060415,0.3743290280376499,-0.5528746399465686,0.4630261886683625,1.3482976714653327,-0.5104441798183207,0.11686781927113318,0.05573910828645253
-0.19655215986855934,-1.0282358888376477,1.1758803257486168,0.010108060235376942,0.16035915844455362,-0.38694990927432915,-0.07300822807661735,0.032046949507793875,0.45364315966870333,-0.19691689730487325,-0.03154697977274426,0.282720141009404,0.7617742094616043,-0.30973064990953414,1.4627228898739215,1.023793920778561,-1.9980289723956826,-0.20168438566530447,1.098749342283835,-0.5450997814639837,0.6478500780529035
-1.2602859523717704,-0.3096070007426197,-0.04265115069975653,-1.032732206306549,1.0380131992309036,0.5345539287583019,0.009804055979735347,0.264752815050735,-0.05118156470991848,0.2610063526082485,0.13770363682995895,0.16411259514468582,-0.5708762880381909,-0.7219451398301923,-0.39157439708227315,-1.3828790359415366,-0.28456858489218495,-1.532255860551155,0.6017389136714822,-1.3990032503943248,-1.7842780587371834
1.920273693114161,-0.12107857833207769,0.5457754288715079,1.2329117406874377,0.9915927473529501,-1.4825574958565086,-0.1478656078606269,1.8752884960354548,-1.4306573028818295,0.571485509454244,0.2661058527769783,1.2747994324552714,0.9464925970726524,0.25373071526017804,0.19824157872125525,-0.3982563972261162,-1.0601021477580377,-0.7110823760116213,-1.5053023684146838,-0.761064127396606,2.7305251019785537
-0.41976887881477865,1.2940203337871592,-0.13522343180725302,-0.41667576026116143,0.7580769020749354,0.47012379158593703,-1.2744809222925981,1.0155839754041922,-1.421882782942565,-0.7016236219861509,-0.9929839872660778,0.7100141920325834,-0.13769753603421214,0.6146049397093006,-0.3291644808062233,-0.6667433967703923,1.0118838682102207,-0.24263398132481373,-0.27750371871412083,4.969056840689508e-05,-0.7996030255944088
0.3140214104081167,-0.05616777401738654,-1.205281014453667,0.16082154838347426,-0.07860670536646508,-0.6237818064184908,0.7883233595437514,0.55834343240744,-0.3106034252460744,-1.3446471442338308,1.0322465551728337,1.132743555996381,-0.5466318185918754,0.8093923082269553,-1.7681889711112242,1.0381489321254977,0.014781860611420675,0.5778445956769563,-1.2377885248134908,-1.7951920433878452,-0.7823917025615271
-0.8291196753520143,-0.11286731116473409,-1.0109196511536231,-1.1553474963777612,-0.25153152125817363,-1.4760787907555657,0.7408600725341451,-0.2466901950895149,-0.334898232569305,-1.2279697032396404,0.5948736164674442,-0.265721322258263,0.34945813055067754,-2.2751045380593684,-1.6648720768856782,0.4229274309606699,-1.9491657013162997,0.47991007301213967,0.7189964566605667,2.0821639832820296,-1.5488453649077578
-1.7639755173910103,-0.16617446136726644,-0.3157702756053077,-1.3066732570921302,0.15423987637170472,0.49159781255912194,-1.1587676797084705,0.8339663043003119,-1.8217653260994233,0.7254907998859682,-1.292935448874012,1.2407413996121979,-0.8684044357693934,-0.689527869001142,1.3232990742098747,1.7122854532049432,0.18622531772409323,-0.5009962568626476,-0.9264896187875263,-0.49880761772869886,-2.052434329745791
-0.35937748749401743,0.656210782865545,0.050895304722937754,-0.733614653080455,1.034881969005195,-0.09032580291037046,0.5514849709124527,0.6428734206127309,-0.4070478668061883,0.41267063383942626,0.3640833207864902,1.2477611346241948,0.41261820699386537,1.1500918213602145,-0.2582274828806672,-1.1715940843359738,1.0084915272494468,1.1822016262897779,-0.05104328432206598,-0.38116874736435297,-0.6721086651266844
-1.6441824862981136,-0.4741876844137044,-0.7520742948708562,-0.6212117729733384,-0.3952428838423272,1.923063399753554,0.9175082735199594,-0.7667607881271402,-0.003038212565677678,0.7584876513737968,0.2282146901765059,-0.9405815542843897,1.2813036591736304,-0.5264997828622557,-1.8272776767663426,-0.15810738221037887,2.2930676280049522,0.45557271856413467,-0.12336297520634595,-0.40419467008796706,-1.9709843944401673
1.3537097907689488,0.8948084686551928,-0.44858047637169196,1.1561046838357933,0.19503573799930227,-0.6104996487844655,0.37261518702212143,-0.5172437037356945,-0.546807564772939,-0.8216752561941705,2.051779010501952,-0.30023917629575453,0.09468815575459667,-0.6198541205584013,-1.5859329367661932,-1.3101499344571386,1.1156545987936681,-0.7914810800088379,-1.1273692934318151,-1.1360971934344186,-0.05916073564653157
0.9583662438309188,-0.2608476744764781,-0.9698195068243913,1.0467835053879542,-0.0073604222702577105,0.8006389122635497,-0.5341384277153827,0.6053818456565994,-0.09961362271557953,-1.355131985874632,0.2994389732448957,1.1954016545655124,1.613802631011857,-0.06711555317233393,-1.7447139748434206,0.5636988192825523,-0.7210643868394355,0.8085380129507198,0.7633042566375822,-0.9443903178291402,-0.37218284608598773
-1.958620030189555,-1.0610006288789964,-0.06458723771708719,-0.6977823797693441,0.7557422235465867,1.4984424421877354,-0.14207575554100899,1.7382534236298823,-0.4242658450572646,0.1896401519641513,0.15717235358083947,-1.3412983065002637,1.0416581271009147,3.192040620878407,0.5606508292994294,-0.04012380316124922,-0.7807369236460454,-1.0088575963619966,-1.6431300337384949,-0.715867753001871,-2.3008732143771327
-0.9899413415753964,0.4221146780771942,0.19948266389383898,-0.958373947497096,0.8601987305758407,-0.476779820761122,0.39266548792963574,-0.8747560925875232,0.1580946935365344,-0.3755187860805419,0.28086267076002086,-0.8071365266398163,-1.398790044348512,-1.140405564266743,-0.35192997882689747,-0.33452581917274715,-0.3567391984552408,-0.21676822728756887,1.4113400794361053,0.6579040060469667,-1.4602003017465748
1.0994601035667042,-0.3942000638977245,-0.2990585396251543,1.1139430460308046,-0.052274847104505105,-0.90411116348243,-0.9497095866407184,-1.7565586235941062,-0.4531111261171904,0.8957649282810852,-0.24495333083424747,0.2831455503640507,-1.6814094512272413,0.5774961946932191,-1.52507041561933,-0.8383464228915809,0.3460926886491909,-0.6930984587389531,-0.8517244454663135,0.1512277301349053,-0.21149355019247618
-0.9723266727878936,1.0430821056914232,1.0781056013553842,-1.225690163599492,0.17406091662701628,1.0419865675594544,1.5745040928191607,-1.6447696742283324,1.2796064808557297,0.5385232180092304,0.23576922361451402,-0.49181111023033,0.5598145667429192,0.45685258896059366,1.3199475552286786,0.31578289873809245,0.9691578047060483,1.9967576529195474,-1.112836706659975,-2.509926307699437,-0.695903332824114
0.07478571210610374,-0.5598438858346331,0.16398038911607238,-0.0370516433944415,0.8571696543871796,0.5949658871330372,-0.18884928499113543,0.29051512356780806,0.9358645303729047,-0.4608897865556786,-2.1118590951915874,0.5994343773843182,-0.14466036538365706,-0.23807969536296264,0.6120729162959004,0.061792435890368216,-0.1309401384399993,-0.2970907367910689,0.22091012503604318,-0.9081331846588784,0.6840684380663835
-0.5210857181867659,0.3722600836697388,-0.3661944641678425,-0.4454183325406176,0.9965280798940219,0.4797714705315295,0.693812751858898,2.190747448506591,-0.8359132426702337,0.6927225663440028,-0.46725212051459275,0.8662051126946524,0.028780612107551434,0.1575028931650115,-0.2391760984182869,-0.27314834789724185,-0.6416506971849094,0.025568729113564233,1.1699285699541042,0.34876487096597236,-0.8446384695232748
-0.8415960002715352,0.3552196910295579,-0.11804663210412292,-0.6319708237837212,-0.3191623600540858,1.1237834261042017,0.28389569370730156,-1.031132499096107,0.8995846678937096,-0.16098081908531478,2.0199989465709436,-0.08885318609200323,-0.8996290695809971,1.2630585765490632,1.303451187309879,-0.051605591329308594,-1.432776288557436,-0.989379470016796,0.33586119247142027,-0.8933824870817677,-0.4714621235358964
-1.2166930575344335,-0.9361950803471337,0.005509024241352578,-1.1318239799392387,0.2221126332799559,0.3598640762448688,0.22979385935832325,1.6190420333135043,0.21205583468696199,1.6862178022478806,-0.5334682533358666,-0.5200234145256796,-1.1139487491553863,0.13413524478947864,1.4193684793993189,0.6337647963984929,-0.9278626799003733,-0.45516175052687174,-1.0036744753699955,0.5460658771708449,-1.1367371479241228
1.4402430701853048,0.9130276947399725,-1.299138341546106,1.1557510929190875,0.08875847802955665,0.954666856765409,0.9860152839901565,-0.08093919486733238,1.604328732864991,0.7691765372646727,0.8232578794575185,0.884233577860389,-1.4104907617786782,-1.318333608732887,-1.551759599669428,0.6393291506718728,-0.39865089087073297,3.0177066480913584,1.4898523942662345,-0.12293542626655934,0.018266177243277615
1.0302916711924084,2.0566689472965054,-0.5109942283110491,0.630372915222647,0.08001192210566377,-1.2597956881310128,-0.2642242214785633,-0.8951283476999885,2.0536204174618256,-0.35309914652142854,2.75943017604773,0.46224379120772285,0.2082233790792248,1.024818015037133,-1.3553123049751146,1.68714660130388,2.082866577299579,0.7310461733028781,0.7636173813707635,0.457446210380121,-0.1777368688564413
-0.6660714873225166,-1.0170147204957098,0.3882558397346196,-0.6638606395759896,0.7420121454371695,-0.7243812981718868,0.18786284218286226,-0.07602738283509085,0.4653203827126445,0.3461911232008854,0.4246911528501492,-0.39069506084719857,0.7124433401481647,-0.9052649746816552,0.15153260408734992,0.3359969391686411,-0.7523945698800311,-0.961694507025137,0.10753771794347279,-0.9327522368752903,-0.7169620496268381
1.5925980248304774,0.23005564579545879,1.65747048594549,1.193188608482305,0.29040872097867354,-1.491974335443371,-0.5910414265966859,0.3608112168935348,1.270181434037189,0.742443158133602,-0.2773457614433016,1.2575405321929627,0.7966318229722782,0.5982532125046183,1.2470118139080806,-1.0544322692135386,0.7436554951796746,0.4843395246134024,-1.0193426416548084,-1.169059861558687,3.6338816661575453
-0.4979466693928085,0.22195481798827651,-0.03566898099084889,-0.4059611780565151,0.7668834967764666,-1.2392077516293192,-0.9211388073243544,0.01851705719117606,1.01510486904058,1.0850541835185266,0.40447913602524116,-0.07085753074638107,0.3173826518309065,0.8179980342292372,-0.50429084288734,1.0831014428501744,0.6003106179568886,1.7223119510863518,-1.1193352162005719,-2.289853353150651,-1.0177315382919705
-1.9525965556605955,-1.2115684819597572,1.3572641531905048,-1.1978113728760829,0.33480683622341023,-0.9647270196935008,-1.1105614139416693,-0.362653282719935,-0.7487440682766319,0.42939057405943654,-1.1487052768726114,-0.8896242325511765,1.3339728473261399,1.2466297177160175,1.2924946062466853,-0.05252032765663864,0.02783224364707946,0.7679310335543129,-0.05648109216421128,1.331300185443079,-2.362524494014921
-1.2566751992843401,-0.9575688932286193,0.006978863425395498,-1.0414424020507176,0.9354317771767391,0.5679156979813964,0.7062410850300338,1.1015007296726933,0.5406652838329253,-0.8733780727718917,0.02533698568865144,-0.9366431151523865,2.0783667774621772,1.7572964736057495,0.6190525183773601,0.7845208197569871,-0.05565447793789911,0.6072322732493907,1.034863108787865,0.009252896631655292,-1.262862015552099
-0.06606088416855638,-0.7297200208371402,-0.35142077924553483,-0.04626413260520462,0.1204560673194919,-1.2028059632716661,-0.39371724889821447,-0.7301066914467367,2.0012431904663317,1.5154123348694435,-0.7380728341197856,0.138027644213302,-0.5412161221751074,-1.1022663718964905,-1.1962724346151354,2.2873939114520336,0.23358093373192051,-0.19398156357655963,1.3259847336044066,0.09672845519812953,-0.9855986217107497
0.7118043856420555,-0.7568933210623865,1.1589838942919326,0.5816054202797539,-0.03925251949909456,2.2816819482579525,-0.815592901554131,0.04889421797883991,-0.5906671257661712,1.6049860862181584,1.2282538255098194,0.3310586022411295,-0.9769261480533838,-0.39188536356871806,1.4071134100143095,-1.145842756210075,-2.1769431073150534,0.3916051603885582,1.024177474215893,0.13373703667903283,2.2269456394717597
1.2396581102661024,0.7893536408956426,-0.7803011266329778,0.7115369446092442,0.5638473780312772,-1.338295208450035,0.723811566753694,0.007789620645950933,0.15730152749011872,0.460916592203073,0.9415075487122131,-0.4756387484479207,-0.16242007803576533,0.0062942539471894125,-1.0955128648673949,-0.6928757115671883,-1.7549386552311428,-2.7098178508640567,-1.065535375946278,-0.9195062354785292,0.18508809723131042
1.1027256081837193,0.8090872974423068,0.6288927837100029,0.7504041191929783,0.7600794296579217,-0.5321148333736981,0.29124115746577883,-1.1585817910338352,-1.1518574865693723,-0.5895663250380181,-0.7232492707069272,-0.023768362458869187,-1.4977005732698552,1.8656068664670415,0.713305374521152,1.3232569126470406,0.9239380824634708,-0.1148305562946241,-0.18067723241572364,-0.5828506389189206,2.3080469219363793
-0.9013477282688274,-0.806217287739639,1.6581335020322134,-0.7762794203841932,1.0657487602366555,-0.18899350565576006,0.5248523300073207,-0.06404207232619889,0.8921541988865784,0.7053066045999855,-1.703256210587072,-1.6498474297668289,-0.44591244844599914,0.32021531432403083,-0.03173963422396442,-0.1267364128401648,1.4544908583440146,0.6573670096623806,0.9684185864398821,-0.8747306995588268,-1.148406009199312
-0.026404182156539502,-0.22373202673026685,-0.3598486781377972,-0.11043460942961711,0.953697274901434,1.1661809318210257,0.3376606592074765,1.0993700249029807,-0.1839778366200902,-0.41240003932023095,0.3048342316302123,-0.8357627943030339,0.8620271219817334,-0.02055083530575244,0.39419179811981264,0.49465532672615226,-0.38155018137976654,-1.4169046294472045,-0.20527089410402205,-2.7629605212259785,0.3474139587438191
-1.4130601874454074,-0.7995539455258176,1.684605340249967,-0.9237529850096308,-0.5600301450447617,0.5336511956205434,-0.36704712009116774,0.4007100116843583,0.6612406699683984,0.9435366323872468,-0.11094758389690897,-0.4747117840225964,-0.4971557930449239,0.29878196057854073,1.9053730082425542,-1.0360959926753601,0.4291441573977352,-1.395968831305139,-0.4512541615507494,0.9488777954313206,-1.764118194270952
0.9882830942225511,-0.22095755704161735,1.3193129584496166,0.5849851133127386,0.2706854481022506,-0.397232294455501,-0.9933117059102807,-1.3925603415877015,0.007136786774134413,0.018695432793919498,-0.06948414486626654,-0.47087216168352536,-0.16223735763288005,0.6175235730783051,1.513490239446853,0.021446353645765835,-0.22317063837305284,1.7916890349398615,-0.24638997833821122,0.8031849176700339,2.7572272091833754
-1.800178179432229,-0.6976206988790534,-1.755023336909388,-1.1029295963735672,0.3622977666011808,0.6368393042199038,0.8081886906701683,-0.8355366973637744,-0.13062719132832473,-0.10069567421423678,0.19742382208462478,0.41449360535792096,-0.7105975947399771,0.36376494324417696,-1.1517199529742008,-1.7688924852421883,1.298366646127654,-0.3398104670431403,0.004846268961826006,-2.228909434994125,-2.438032498450716
1.389998806992741,1.189390247125663,-0.1630099565831502,1.0000552587954816,1.041670615149011,0.13871680000694203,-0.4218808526459009,-0.5919717916364734,-0.6249462302235764,-0.014166028821529687,0.5021411568212873,0.3536579903846357,0.050667289644850406,0.7979736333760732,0.6311680720746713,-0.5380670638705582,-0.31370611710223084,-3.0354404999766755,-0.3657400632588224,0.1742722906962104,2.6346497024428293
-1.242759047685992,0.7282687690744201,-0.7838230506706836,-0.8699301138332385,-0.07166752787156372,-1.7965068009437781,-0.7041249494990434,0.39819307173277607,0.6597906299895887,0.10688773694656405,-0.09058779181185704,-0.883521950363172,-0.6341096785965065,-0.6060890753024536,-1.3385562333770618,0.3443935321932039,-1.9908541486767477,-0.487912009735555,1.3129006120284614,-0.9236397131819687,-1.9443760667000698
-1.5369974883627426,-1.6100259553506828,-0.01092720612026532,-1.1020961706508305,0.4831192646418184,-0.03510156394107299,0.7809948458486333,1.333714770373456,0.7271301824187737,0.6182136356285072,-1.2503412360868913,0.783725286833956,-0.5139677741334704,-0.06033266757530645,1.1992895547982112,1.203606439013943,-1.006958590792752,-1.3968770068417384,0.8540489036082508,0.26601226742007805,-1.634622206748273
-0.46790653478353494,0.11890035807360391,-0.7879221470010569,-0.24951547280738653,0.44763386329039545,-0.20520588765733583,-0.08022881906906777,-0.3070899299420176,0.7541116629598735,-1.6353089104603558,-1.3922349669589489,-2.183065340550177,1.1829934032122085,1.0635562262832454,-0.9486024882030555,1.7202126815284333,1.3724183772831504,0.48300310934583346,0.5639870451013087,-0.16638712710546377,-1.2421349141379816
1.1512661894937213,0.4256675300813524,0.7936625603808207,0.9439941776598819,0.9483826135002709,-0.02022297406577107,-0.8482601200044672,-1.4936816322132334,-0.6880864726426952,-0.15050729417556108,-0.010143569948775135,0.8817578108707819,0.7666291719721654,-1.1585101564668978,-0.06674480845917774,-0.4381728043535105,-0.6475178121916748,-0.7045043771615439,-0.5399600196662312,0.5392113982956309,1.3454931094826872
1.0207941694495286,-0.4466404279453179,-0.3099291210276413,1.0720613360649174,1.1198780212302335,-0.4740844010450929,0.31896177397137593,-0.7119162931573794,-1.0065132793527996,0.016306109082391832,0.8459373285866618,-0.6131022959499406,-0.33442984443985085,-1.2531431621093978,-0.12285497653309418,-1.1254737040555303,-0.807232257080119,-1.0987617826276128,-0.8392841503891971,0.22594156484057618,1.1095531755900672
1.8966203429713202,2.1564532255427484,-1.9987305083017237,0.9857880925683158,-0.3227817360064461,0.9208454388070861,-1.3175929298973776,2.15645484104895,-0.8734053988820845,-2.4371185210806794,-0.3259502012431972,-0.7719860373643356,-0.17146600695222958,1.9770533839544602,-1.9084331863659583,0.7880847273038974,0.7115030104563979,0.612247699095102,0.6971898650528876,-1.338548375172359,0.160384697900952
-1.6765144479248786,-1.1916192637371699,-0.26168863036458856,-1.2182008948202352,1.033357880986972,1.3550036558501897,0.2741380145495436,0.18887514793243781,-0.1576534437182874,-1.9806838135330682,-0.9269001822895484,1.0053262785603643,-1.0130005281885177,-0.5477901006561489,0.4588479857546961,0.3048481384661809,0.2827783325107493,-0.545130939057592,-0.870638909009408,0.41401479864257856,-1.921970359675491
1.9154089117052062,1.0226798666785712,-1.5008669708818452,1.0237068406540506,0.7660501979307525,-0.735909092593349,0.8604240279788088,0.07337153380354342,-0.8536352762339692,0.7619178146073713,-0.27316552020718576,0.4058134108080109,0.18741972096201215,-2.3593272547466455,-0.7693537457064434,-0.004453681355307549,0.6566882253885803,-0.5604929074666853,-1.221720491888671,0.1385474928091265,1.1828205419200777
-1.8766725196210294,-0.43932409431163894,0.8732041861165095,-1.0896331445179759,0.12024994289029817,-0.6123607466186142,-0.09010723210759564,0.6805646207704035,-0.35618948797661326,-2.012579248237833,0.41119868977956947,0.8994344550720507,0.24838058415014633,-0.7165988322132282,1.4809439812128464,1.5559520130103273,0.8727066340867263,-0.15081743495527866,-0.6725873993419532,0.29458117263311945,-2.322611061830376
0.34721886756645803,-0.017703976881446204,0.2006968411589679,0.5065290449035929,0.3868730804437049,-0.05861174163731668,-0.9128815145582216,-0.25947447921424516,1.2703098654198695,-2.5914414257728637,-1.3199464986075244,-0.3189381662784666,-0.4099781267514626,-0.12205089922315172,1.1953092905311196,-0.853681354351181,0.4047457461175846,-1.5304669798935397,-0.05969498240549285,0.0056311723167828676,1.509614586400595
-1.7689571362154521,-0.5126581271619792,0.27855680432812435,-0.9847637334084485,1.2486842062775194,-1.5297499922383033,-0.12965510059221114,-1.1968731539757684,-0.8379190269128995,1.4474865065949416,0.4810209335155451,-0.7060422372120765,0.3556074054780591,0.04841281250080093,0.6148752002657201,-1.2341397243803214,-1.5954266934832182,0.24839585898059305,-2.104882073259705,-0.8440707840889544,-2.0150305912730335
-0.29553599214837467,-1.1551013600930902,-0.23184222552994577,-0.33243755194878616,0.19559272024368266,-0.7430010447882307,-1.6788927706322552,0.0991826521730777,-1.2626344270129484,-0.9063156026869714,0.43302830990926094,0.6490575900190555,-0.32090027256007453,-0.03425826038815849,-1.1524995443385428,-0.663909267144203,-0.24110401515486132,-1.2147698461328194,0.5047963131560523,1.0633824460085741,-1.1639903268065603
1.8252983914063732,-0.44323203769311303,-0.18106197684350783,0.9195243050344053,0.8293197855748282,-0.4424725138146792,-0.956525385722977,-1.397349408150698,-0.0397022540274406,-0.31293792393679287,0.9541160999651042,-1.203446993777594,-0.6677989631852869,-1.4339637485193855,0.8434019146478868,0.06311234212189665,0.8799153789327651,1.0348717877130669,-0.01881618572757076,0.44863503436805585,3.5673435028718834
-1.0357927051611289,-1.111563926064653,1.0125885530353496,-0.855590825348269,0.42621680762393793,-0.8561122105928136,0.7373840855241153,1.0053631760709099,-0.13852398938203897,-0.797841713927408,-0.12190704599423964,-0.8483053898218667,0.9594923613321784,0.4071737992171922,1.154842240612569,0.7205418585049519,0.9612343124062233,0.377194616417737,0.20161659626661416,1.3412149898010932,-0.7986716642995175
-1.8134258002442016,-0.5112555257820435,0.3444776046602001,-1.101480814321885,0.8406522373724239,1.065049088030004,-0.08094745219965901,0.412587686016778,-0.34899296760936876,-0.04634954811157823,-0.36194080220462244,0.17700788392367875,0.28966603394483653,0.1449224652228107,0.11674583439593,-0.17881467032564588,2.214960394010412,1.3052748953395135,-0.6300014570206536,0.3869397628071117,-2.2243999027373547
-1.6088650491559564,0.49767902940786257,-0.3329838412654311,-0.6571256990076635,0.22865209613921814,0.34224157808532646,0.8793337134244392,1.4596833112145364,-0.22669819473013314,-1.0314185654965795,-0.9163839903616642,-1.472721009055502,-0.8082512164144647,-1.5912879644015594,-1.4863466506127008,0.893850815057995,1.0165571920438943,1.2619428791645129,-0.5560668591424086,-0.344254211523341,-2.1705516442950783
1.5979409746704776,1.0903709367953223,-1.8582582283865565,0.9903786218337038,-0.3179153085732396,0.8398665405081582,-0.5257391665941721,1.1789332773162249,-0.6350830557666983,-0.19254458546750683,-0.4904203618263036,0.26827925910134953,-1.8455738686633336,-0.2776256007042346,-1.737621630440318,0.02585693429004255,0.7841478014071036,-0.030318132500387986,0.47478452762257267,-0.6848507909119914,0.03949343583081988
-1.8744904352025875,-0.39866827302388436,-0.2545813851167506,-0.7366423182531174,0.751670885169879,-1.0822399377832528,-0.2565589947225998,2.4834741403848337,-0.7688623011978184,0.13160123873939142,0.2811125920553689,1.1947998830634432,-0.2509498202273958,-0.7453362775827566,0.09669215836682321,-1.0200839555783916,-0.983154587478421,0.9773686609125277,0.534821699929766,-1.2588781222290049,-2.3100084678424877
1.6297959543457394,1.2070756362072952,-1.5498709053353659,1.2093723075609317,0.4526849289830087,0.4763500193577532,-1.4017618447025941,0.28810439433623175,0.37890226240455477,-0.0036763463803188056,2.4648510654575992,-1.8541988974303825,-0.4447005270776578,-0.3571632731234756,-0.9900275430755818,-0.152654714481534,1.253616491609031,-1.202228880981829,0.7771656549968041,-1.8718489990784668,0.6364638425040658
0.27068127518057095,0.524317400172001,-0.05821883056715149,0.4815969690923657,1.0136899984124628,-0.2592133007986258,-1.353321257410844,-2.4906061806590967,0.9354884398755384,0.4232779583653014,-0.09245828285473348,-0.7015831321668808,1.427506337037198,1.1685779646904892,0.8687990220756308,-0.5323260073942444,-0.7894355492072472,-0.4455204903123822,-1.1589733412199628,0.01584712660385341,1.1842142270348925
-0.36858682635761975,-1.8178023830368812,-0.8529894270515983,-0.28692469630995415,0.8753591984966073,-1.4233404957836933,-0.9865749325364477,-0.1539916690706711,0.5737056865646631,1.2925048360008122,0.008265741930816235,0.9549105023542522,-0.11819865486966259,-0.37232041937533006,-0.720872430395791,-0.32193212540542604,-0.9030036049929872,-1.1945480473705201,0.09327115160984199,-1.4423552325929572,-1.0277774235999317
1.24421038152163,-0.4743951257949094,-0.19485527332687602,0.6885052692995621,0.559529364771534,1.5542488438805042,-0.9828016919140814,0.3210662931928091,0.8763706156247639,-0.2935826121449782,1.50125602295995,0.9170010140272024,-0.4237840965267228,0.015393007921984283,-1.0747795175233024,-1.3347231795437653,-2.0273063997954903,-0.03877932533975049,-0.5600704050405542,-2.007500095540657,0.20773959672792613
0.7999759644744975,0.9343654205949737,0.486656384074842,0.6590761036749327,0.17561190660290435,1.4566252710336438,0.5599032818976949,-0.6533262741721645,-1.6685245913710793,0.40084320610831187,-0.1669534814073209,1.448139030710632,0.17459736214122562,-0.25590475122572465,1.1872251475729256,-1.0392675392904784,0.8107987813578097,-0.15960491328525184,0.32185717654056606,1.166614891323419,2.2597171026063045
-0.8385821119152337,-0.017496673307322796,0.3736050429247832,-0.8666204267723535,1.0013033870821915,-0.6333377102402576,0.25973912286155165,0.7334692809216274,-1.1257889369159686,1.6499824512828676,0.08713783912471383,-0.027143491919966446,0.2154708470855057,0.5832221507881954,-0.7385911958914457,-3.8029744450520884,1.2983649874020584,0.0787513827721956,1.3958281768212484,-0.07546333588032723,-1.5046952474750412
-1.8207645297278576,-0.9758209145304771,0.20494932123222065,-0.9785670530172019,0.8906934552852646,0.5412193993363643,-1.2976294746609622,-0.6034614735410739,0.530628374404902,-0.9018035632035865,-0.395451191615085,-0.18482318980109216,2.1677959264658493,-1.0799497252216945,-0.6912767196275071,1.8383409151348749,-0.414280344280466,-0.6939804380213128,0.679495442657008,0.33913657000449965,-2.4729487442938596
1.6037615764473072,2.2293539145591206,1.0339265646168154,0.718426418285812,-0.18611795058580782,-0.76456979077546,-0.24552340918855303,-1.2334174585508613,-2.0153192952954906,-1.4108895923492772,-0.563776294500729,0.36712219722448186,-0.5535097275449148,-1.4070611280537502,1.8353669531425227,-1.8561103415370792,-0.24451347907724347,-0.2303272712081185,0.36909062229626016,0.3697931101263482,4.000128688758903
-0.6938525273975857,-0.4185113756022444,1.0208981448041334,-0.6300596004505136,0.9208595775782238,-0.9114438889431986,-0.981260239880524,0.8931444604008499,-0.5263050863275159,-1.5296880820883068,3.291094551578743,-0.8087731058208846,-1.0558601250918966,1.1506891764592984,0.44287947842614095,0.1942947704154011,-0.1149921334224691,1.2957690034936538,0.5625873670723588,-0.3865139541207865,-0.5463253166045117
-1.7097285332976004,-1.6782333382887384,0.23572546630329572,-0.9010405143146427,1.0342946108882956,-1.208782605760197,1.3902524432878949,-1.4507661425563327,-1.5346039680979788,0.1319556442932005,-0.2678928485650712,1.3290873582843914,0.30619485072522834,-0.9917174104682052,0.06631538354773658,1.3211190813436706,0.1174335155147411,-1.8895170963884058,-1.1357388145165683,-1.1941220629735798,-2.110577334787385
-0.6286122754249384,-0.6529888117746123,-0.6340503750524387,-0.60130781622134,-0.3324228938732704,-0.9377304782488038,0.6115804378577178,1.634554288743168,-1.0943403504662634,-0.6454598603260081,0.6182233156550977,-0.29209997087690964,2.05009017842642,1.4701481840083517,1.8489208454222794,-0.2298187524368012,-0.14275004232902452,-0.6583309469527936,1.2710821504508907,1.1525185699563518,-0.2309823155279765
-1.901442161173171,-1.2485348971391779,0.07865927114156097,-0.8806111521481171,1.2874955408851052,0.9523753585485022,0.5027613696313165,0.6689729654920579,0.21478886472055542,-0.17034466911275267,2.7500688860330946,-0.03422619601408145,-0.540779702574225,0.39748001413355605,0.146434279283723,0.39263139647241746,-0.5463717646192604,-2.028568262146114,-0.3799885695472815,-2.265266476390492,-2.328343902407282
1.2125417140089243,1.0395396488470423,-0.7570850755206614,0.8773970027002996,0.16814354200991527,0.09562200778173079,0.08098798915217409,-0.33550835080437347,0.6810274242162362,-0.13687551988007177,-0.3168886867440897,-0.9768154604232272,-0.22837684231112299,0.07850108183345547,1.2496581105493592,0.44181458814768965,-0.8336088991679773,0.4234432075309572,0.6444771173141499,0.7438759672833037,2.994895806568679
-0.8206135029294965,-0.992036047094804,-0.6731917369580804,-0.8326171083819146,-0.1728164917851111,1.457325067212842,-0.7443968162547961,1.1076921718479544,0.3870776269209364,1.1686202945640003,-0.3713001709244162,1.0460972139498037,-2.0124921229616586,-2.0696408292384287,-1.736016980183424,-1.0827360854054817,-0.35671277746989016,0.754991501376381,-0.5045475148824635,-0.6210510120769471,-1.513539325823086
0.6484968399096287,-0.6972832717576316,0.4738904039425692,0.9347116231229848,0.026453880973831917,1.6484468525206948,-0.6341894222480107,-1.1723110537111254,0.5592982412146,-0.8915734128967733,2.1340343719312584,-0.2440825759178876,0.3612549955145182,-0.3311270260451121,1.8161310763165104,-0.4564637228965958,-0.9007835451091495,0.47307800458755017,0.42611682824763375,0.009347883878738838,2.1928914672405693
-1.0403267379616197,-0.21830189750694334,-0.8992417797685889,-0.6645451822035735,-0.24977903975538396,0.6432730803598974,-0.22939060815558213,-0.7488519865681975,-0.7587907551717753,0.1260844499623989,-2.133301976949489,-0.9347777003431184,-2.0222143108831316,-0.9730947908070369,-1.7803952403137355,1.8237714124558624,1.165786315827211,-0.7609590876249944,-0.38597606144676194,0.4383152545670874,-1.6302553985302355
1.566107549918022,0.20375038699002512,0.7811217274411715,0.9195091085427672,0.17754672682123432,-1.4785757245558133,1.0136122687917548,-0.5132641790218047,0.2591323449251854,-0.12898950844825674,-0.5105087492559643,0.6125277463253694,-1.0403229097320956,-1.8555933691254765,1.2474177335754733,-0.10430776688321253,-1.0161875900217634,0.012309344174478303,-0.18427508130562914,1.2403654160365511,3.589558263007313
-1.3134513613152352,-2.0157119891370527,0.19423503539319864,-0.9315840866003758,0.7026742378759829,0.23625659332184132,0.1869561852115324,1.1993543916767866,-0.14831620315341326,0.20022168201627089,-0.41394325497517415,0.18786083313204024,0.49580379348716364,1.6851024159046142,-1.116258864381869,-1.4791814620892567,-0.598657800768372,-1.8847253568616984,-0.44383242028268155,0.17414189524765933,-2.027125297815214
0.8071939601930991,0.3946060119999343,0.7781234999905617,0.8443973511477151,-0.1742823722404046,-0.17679437327427389,-0.8430090547670268,-1.0092554670295997,0.23436663739014152,0.19909858984881212,-1.274994050110019,0.48037522312212366,1.025860627651236,-0.30086163870242977,1.6356300677217028,0.968163571524382,0.27360129813851025,0.059544161034687584,-0.024717692673023615,2.2025431160186093,2.4689862284736366
1.2279607002507493,0.20922654872290258,-2.2509043373867064,0.9177387703999216,-0.5201805958444099,0.4280125763460094,-1.5325086732746023,1.3101473285599465,2.454029539489347,-1.0496490343676637,0.7376049280603421,-2.1478451205105693,-1.9717778710638343,-0.5892475292342798,-1.974873573010996,-0.2483073040195882,-0.35953330225363034,1.0696680016341376,0.8983021813653358,1.9120561957429993,-0.2332882102741296
-1.8674209439864993,-0.841266073875209,1.009549081930414,-0.8577170631709193,-0.3926123186368521,0.14276392185757267,0.549083751743626,-0.3009550890951115,0.8094967345823518,0.7533258142298299,-0.6233423420744215,0.02272232977695677,-2.638146816552874,0.8917092307373782,1.8571365017150536,-0.04366789456135427,-1.509872702167813,0.7152620753610075,1.086019547888008,0.5920756015650932,-2.588811648887405
0.6344615209346793,1.1186389642535175,-0.04938661914752407,0.6599020972191979,-0.2870628984719781,1.062529581434126,-2.041573787222775,-0.09936405897904727,2.716926822326042,0.2506077734730397,0.017451695618443393,-0.8631653653863253,0.1166207103772768,-0.21273408371078295,-1.4662411514842466,0.22310312161111934,-0.12480706584031266,0.4713798021083254,0.23463965876650886,-0.6730993390226376,-0.5270579408650005
-0.12044656313778468,-0.4907352887755535,-0.17675459178713837,0.1379582667453328,0.3952945454470053,0.14783664868082946,-0.6310805749119193,-0.6027259300611479,1.7694151273692642,-1.1507645805451823,0.715229588718938,0.3519918377657558,0.16619393399969232,0.48137297037937055,1.129202993220375,-0.17349422574530252,-1.8555569563915129,-1.1428570063691834,-1.6293226275896848,-0.27209899770356266,0.7059106306164269
0.5284710582000396,-0.15899539150949943,1.2055756660401182,0.7022744237416528,0.22227680321494814,0.5226357024123033,-0.9706196837306246,1.1137214470007253,0.1333674631040998,0.021925771599039412,1.0353872560374462,-0.1875068723364436,-0.7245373784194942,-0.8390598578728985,1.3763271175072678,0.6411898141326072,0.17200055225908945,0.5888875939326685,-0.7135548535894805,1.3215431906197728,1.8963113704488068
-1.3332225814387098,-1.0718964689402957,-0.6497450817283312,-0.9098347998689227,0.7431815158381657,-1.0755274621323898,-0.09938068979168391,1.040018350974213,0.12871241311404766,-1.1760573904927136,2.2845903613682497,0.5010565563320384,0.5785449302334031,-0.20679459502568143,-0.6208532758278085,1.5281160237442475,0.23794576859076233,0.02818437851959244,0.49146443108954463,-0.38453226706220933,-1.9585501760625035
1.4612451982382724,0.3979092934496956,-0.08999176174026932,0.9682973425728134,0.8403678707905751,1.0499817074689892,-0.9549382697154436,-0.1665032760792033,0.7706304926783,-1.1836272663898404,0.20505004664521823,-0.25456936448518747,-2.030536808275113,-1.8105680325006628,-0.3644666450604377,-0.029217179633665893,-0.09902225215412125,-1.413607941414818,-0.3083221410638638,-1.1621934883257594,1.2837041763353194
1.6567605087537771,-1.5471850792410466,-0.5357778643157921,0.7786412238161424,0.4605786009326969,0.14573192520524428,-0.2611314741090329,-0.9696888744142038,-1.3445312736449797,-0.22339338807242118,-1.2259055025193741,-2.6380775249291886,0.20614276306239285,0.9239674636976655,-1.0271767419904894,-0.6440020043490252,-1.481898525254304,0.54576269736016,1.8609907803283594,-0.7940484476943391,0.6194834763472057
-1.5980634043121644,0.22012023130243408,0.1774444320133612,-1.0823890646949452,0.8974105559211122,-0.10541157841243363,-0.0037512566778965294,-0.3376441135349762,0.7259637538714867,-0.15100682894981554,0.07966855111268999,1.3585099652001753,-0.04194665080217239,-0.6335284163898257,0.24965589028124224,-1.1185384721433005,-1.3306812416773681,-0.5739011840855068,-2.1998817974626803,-0.33014202789953395,-1.890146802633074
0.3219404936995418,-0.5120342689226487,0.05334200716003608,0.2690286607725706,1.0488288225468332,0.40170258556449273,1.1250738788122994,-0.9285139426661282,-0.2405462834291591,-1.7246134139098173,0.8267032343524358,-0.3657002206515309,-0.3258953366970289,0.036764436870272005,0.361953983403287,0.6310740387201702,-1.536412107312375,-0.8661474363313157,-0.6463612611774079,0.13114711262409565,0.7973125790358522
-0.04297794033280633,0.7736407841274209,-1.5587069017306443,-0.12391111514263249,0.05162392718046381,-0.04970204058851857,1.218589605196226,2.024498547837736,-0.3547410089141509,-0.004214486859853819,-0.29437532692059,-0.36994559863794324,-0.9122796524123117,0.5858398721279868,-1.4186301438114564,-2.415564599413966,-1.3615143398336722,-1.045084009675513,-0.025408037227404003,0.35920416903441443,-1.0208280428508592
1.6820097196057895,0.22370123238868755,-0.4578883473372798,1.0415998141926217,0.8096737900824833,-0.49670248324104044,-0.27551136207116167,1.617015843538348,1.851796489007708,0.8180993315382841,0.9519300432354963,0.8292759871722953,1.3195801255950315,-1.4402587294381446,0.41392769498361126,-1.421270197156648,0.5478619151738712,-0.37139674745120094,0.4074853487404204,-0.5116959304300104,2.7484012066200907
-0.5210489625933574,-0.6726549634942294,0.6754125445234417,-0.2213063650939045,0.10743082539072217,-2.1014226454959357,2.505439535057154,-0.3848955584000111,-1.2888198527084476,-0.7266552559143361,-0.0537750122336797,0.5390841048968454,1.1229426970323533,-0.6588606137432438,-1.612092330987068,0.5311991953731202,-1.158184561569295,0.28836651075038955,0.5599994633893998,-1.3895142957533615,-1.3564659815979487
0.6639278320929103,0.05478584832678801,-1.2014936995250292,0.4608914233377024,0.3548331070805325,0.09062103076163261,0.5588948571531591,1.190424001938959,-2.0845467070912718,0.5637237439667466,0.923792840150753,-0.8986689957386438,-0.8204606562091216,-1.1520456969962865,-1.2709556948367347,0.26109903551019814,0.6665218519469401,-1.477123559181364,0.4023460053292379,-0.9180238844327439,-0.4208117840597094
-0.9956538279524234,0.45856075891382,-0.9489511435353113,-0.9355911535213727,0.7121134614604598,1.070670674562699,-1.0545632563753116,0.0760144414814228,0.5096966139522028,0.8022893676891435,-0.4531201381612254,-1.0560012353231252,0.3208057794145887,0.0966804834209921,-0.8439579621916997,0.6150960065930244,0.2534998619602752,1.1843104183723236,-0.04178253560256699,-1.2627504191113845,-1.697744866569827
0.41379959989256765,0.12544947542618806,2.343011981541739,0.3904994071171109,-0.3492101575944175,-1.948591715352706,0.7260976743563262,-1.189687158333755,-0.5142162397422502,-0.06754427378561483,0.5927375952980015,2.218540475515636,1.5960796909778077,-1.2659463129622794,1.9659570199940943,-0.8728211844508644,-1.2071857312681618,-1.1863955816465617,1.1937665929914278,0.8158924726302278,1.724913496151046
-1.5832132142801627,-0.5426887124765076,-0.30716909948478316,-0.7573231779167746,0.3537881624955166,0.2275709003825006,-1.115719630253139,0.4783742029501081,-1.6582556502670018,1.0486008255042243,-1.8220271969605566,0.9896677309933344,-1.9429803121177711,-1.3661941698343316,0.9435340228647369,0.1073887594776306,1.7953582075299201,-1.2094537815620587,0.5313330802205818,0.49051428532625474,-1.6922145769302932
1.5464026244884166,0.7181098856425817,-0.5712674909142909,1.1941909318980395,-0.3019944874596018,1.0304004003721832,0.2900128192906212,0.5671554205587512,-0.04635475323376053,-1.3816343605509736,1.113947552640413,0.07726587953353722,-0.4770825860533661,1.1259709691638404,-1.488548912719923,-0.35571092546168126,1.048066580541276,-1.0355445186093286,-2.4086582356689172,0.3325781392717644,0.13072011206329048
0.5167486500095007,0.7686832792145413,-0.19756090957302144,0.628246527800629,1.0997576928250026,-1.3692688370755342,-2.2649372451941576,-0.3419934697334585,0.7960586647897574,-0.9232402229496294,0.9130671007119882,0.8257039208761452,0.6011738666920503,-0.25001707830786885,0.04603709012207435,0.06238245584262583,-1.3588774070925107,-0.44523053444573973,0.6538281099147782,-0.05983207374663653,0.7002830038773189
1.699969150792218,0.8970745657345509,-1.451802776944853,1.2801785282819098,0.08582026761495676,-0.31247266078661434,-0.18599431374259848,2.0865805170295686,-0.3469597531564801,-1.3250677194918905,1.0671075485479389,-1.1704612423311336,0.8850613003180624,-0.3561925907759057,-1.4761346756743121,1.2267192226086636,-0.3764245960154727,0.037708156154525975,1.8210625809745928,-0.804205404773426,0.25115431402945576
0.8235842516213348,-0.02781210169834114,-1.2782880114379613,0.5991173501843448,0.9236610718853056,-1.449186020928198,-0.6844608679738884,0.366663902874751,-0.706504326997115,-1.220536045152238,-0.16901283190072625,-0.21311965761108528,0.6131493805472887,0.9703488374551573,-0.11707485423279618,0.6536106468121109,-1.6566160498287985,-0.40316052247194384,-0.9122931259520906,-0.7495302695524959,0.8789253730596766
0.28580913608101,1.5406912544735545,-1.267410195471565,0.10647491474211651,0.017312772411514354,1.1288498400728306,-1.0928703146867411,-0.3471318488945956,-1.445356728473641,-0.15442861882466435,-0.3976702534302192,0.3776434109577422,-0.8122241776659356,-0.6200684441139471,-1.328794422897603,-0.11374983595353307,0.7184780037617077,1.8096774726042018,-0.01815471062481558,-1.356914540750891,-0.7465223059918227
1.6954123005331465,1.079679298290342,0.9924389126178823,0.9010333815661256,0.728240546955316,0.4065870928900995,-1.3307439325961852,1.3588548373715155,-0.6666491049994999,0.10432642037012456,-0.055158595716276876,-0.22613568947501242,-0.6956711900519125,-0.2050151673602292,-0.5302359243412491,0.8686573759914438,-1.022460663019377,-0.327581664513959,0.11810553223072279,-0.45996825699855687,1.298889513433355
-1.39615720608576,-0.7570737905404731,0.48315801227100835,-0.7518092904223251,0.9515028689032246,-1.4443646000098687,-0.5768227212540865,0.6453190091323299,-0.6420566256867355,-0.19379870241070016,1.9758277268814395,-0.5711769554935653,-1.1202117609201265,0.572394945975747,-0.9095257812155939,-0.35656430310777,-0.7670003558355738,-0.755053090303691,-0.7137958281690232,1.0117735034570832,-2.089964768023913
1.1264237442991472,1.189176255054739,1.2280358023766405,0.7077580188561303,0.2185907630160199,0.29123894098848063,0.4147818327897455,-0.8208501199982852,-1.351433910183807,0.005389582499757037,-0.028091122960859763,1.1198481733850199,0.8381370255473214,-1.0396412548353269,1.2268259334407872,3.001893804924072,0.04576893527098827,0.22799742319369615,1.3567711597060756,0.14135876458108748,2.8331268951956
0.9032649449937078,-0.26731752605394904,0.19195168061463858,0.8348265298268844,0.5325161478360256,-0.43340921136723415,0.4904483319068177,-1.2392564091899707,-0.5720300626521913,0.8666193127898798,-0.9995746164311755,0.22879835434047432,-1.2612693900450511,0.47021081744363485,-0.9056463416440916,-0.1751321727140605,-0.8888705921484552,2.377332991301039,0.5328984477126195,0.9621716958829521,0.05594344713238203
