x1,x2,x3,x4,x5,x6,x7,x8,x9,x10,x11,x12,x13,x14,x15,x16,x17,x18,x19,x20,x21,x22,x23,x24,x25,x26,x27,x28,y
1.1225573875679387,-0.44091156618620986,-0.06480896437062916,0.9589146724590734,-0.005950602618874069,0.33450194685500834,-0.16089528396440408,1.4286707258831357,0.8951408311726756,-1.5291683517416021,-1.638747575759636,-0.6054936038457019,0.7195721035537437,1.16856906684818,-0.3217741313980009,0.7302733281495423,-1.0513585101132101,0.46189878834817927,1.1880573270152748,0.741106067678487,-0.47376295240996247,0.3856300974087004,1.3043535015112764,1.782063497695472,0.4200689107892744,0.29592327881432434,-0.5048719543010197,0.2007789590689494,-0.7929596101456939
-0.5594777341322658,-0.39946120465585044,-0.08242403848234525,-0.30100910606973175,0.3903716544158222,0.5401931217423543,0.056612042430417314,-0.4917458646433812,0.5663117667675714,1.4828715251635363,1.4775428316929262,0.5302316022450948,-1.651115536741595,-0.3873992410996525,-0.3197018195901099,0.6321666958534136,-0.49255133987557587,-0.39491501406721846,-0.7392383244682966,0.2467821582101479,0.9916343087053355,-0.9724129683179619,-0.6247138657199728,0.7134104520714439,0.680869948603689,-1.6985633041115256,0.14594566535555786,-0.12138066779054925,-0.9449112766169053
-0.6839384709794688,1.4776288431096187,-0.41046334627521425,-1.1972446865855975,-0.012355044664368146,0.28634837842866456,0.23762351793446987,-1.9785191127025326,0.6910774613160588,-0.270357230467311,1.5256632817145053,-0.25289192034444286,1.6694187582619067,-1.7106627571189175,0.6094785666736714,-1.5399075825483965,-1.0976769110380686,-0.5745027233751896,2.3830803835081644,0.324516898969276,1.583658018299418,-0.3041501040494593,-0.4934522441150193,0.11284265184955994,1.1457840257212448,-0.4079772867423729,-0.8592731071207864,-0.2588897188722643,-3.8273432275787824
-0.9092207274687367,-0.01942895804948419,-1.356503040378313,-1.157747897864242,0.6520769219611485,3.1639494191819924,-1.103736999756307,-1.7519578014725812,1.2074723217741827,0.8206043104882743,1.0665684192823717,-1.8269806652604732,1.680685544244027,-1.6391004728976304,-0.12642077683347622,0.5237978057345302,-1.4714393655058273,-1.3064169653587345,0.1073602210386043,0.2750531321795625,-0.22301469457086032,0.48050484953645056,0.6260476742456994,-0.9382432435237329,1.0139219264602521,-0.2569298684149538,-0.08600716079790303,-0.821316150243503,-1.428429792212863
0.39807826606434504,-0.8931737479356637,0.6527322162142747,0.8155563449223138,0.6407095097009786,2.795330331002933,1.0251350587808303,0.49557980076642405,-0.1322980130461394,-0.044243592724490924,-0.8868213333784016,1.6437596916353883,1.3676282633974113,-0.06416617574641004,1.1881374629549417,0.7032700253729447,0.0460157231139846,2.6549075696772473,-0.19282932716941636,1.3713342698036208,0.5527694427584199,-1.4631742746820207,2.668288557319174,-0.3232410047248213,0.20111393004783834,-1.0680424560935164,-1.2167286596997247,1.144229247281335,-0.1828409966830505
1.3598818546682285,-0.8666827210793082,0.823571322277307,1.1461871488745283,0.6227780101029473,1.1898269705570503,0.5568400100375869,1.6163246989447746,-2.482828848211144,2.2100954075726853,-0.9425420033904257,1.0436788630118006,-0.41928169966364437,-1.5834935372875107,-0.5686807026598313,0.5168244543001281,0.7754208468287792,-1.9317766767898328,-2.8772695373195964,-2.4353911529340144,-0.23245165326344266,-1.1259381288702006,0.2925822306941188,0.39498835056948206,0.5088402639617097,-1.0833760853997711,-0.10397679656138875,1.3913471296710176,-1.7291009481285466
1.3053642709293976,0.7387193888349564,0.2752087444324295,0.30440848046408686,0.8242180673794897,1.2358602276961517,2.3213463032173616,0.5953018033388338,0.019590820927602698,-0.05232969256182433,0.6488160709120168,1.0723990658242135,0.9053998031972553,-0.07807645960121201,0.9394801196581493,-0.22756926895937168,0.8115222880988225,-0.8080519021066485,1.1172608626564204,-0.18493945491646838,1.000762222704695,0.6513208149265739,1.3241533989531344,1.8432413666332763,-0.7574637980127704,-1.5901422050397043,0.7958224176756186,-1.0058338096023935,0.10164667130329857
-0.6346761440363113,-0.08131893835183912,-0.5723339255110722,-0.9734595942690272,-0.3497414223727482,1.436040844446991,-0.2186736420944415,-1.9983079795506136,-0.05855050939092726,-0.16485411418505702,-1.893797662858899,1.0677208345930698,0.6645938858416325,-0.8023498908010978,-0.5425028589940106,-0.4346493822949736,-1.0650415512290963,-0.2244113856179549,-1.1977484420637396,-2.458078312424129,0.22806116404226423,-0.2370608906188196,-0.0009551145369955996,0.4372593821707457,-0.49646982547686297,-0.3056424623763472,0.1636918429353882,0.7482573195335086,1.0493927507085923
-1.642757655205613,-1.4118841951382737,-1.7842774671968078,-1.0782405707873857,0.4920785126221093,2.0889287261504332,0.2163480655031977,-1.970313611534491,-0.8675503610933865,1.0725454143769764,-1.005348339115359,-1.4918419672547523,0.7755455330746958,1.5877875016905563,1.1568932414749284,-1.2651416017894153,-1.264895770460105,0.4767198584823872,0.9926832781942412,0.5784575923173014,-0.6879315260066297,0.06742142678778165,0.12549356043553858,0.6469620345242626,0.9573907379713402,-0.34070734061037067,-0.11634287065271136,-0.9533865483643458,1.6139603627089447
0.545238028804071,0.20690270485029533,-0.7673817530459598,1.0034100713622236,0.7974259661807636,0.0023349381547797046,-0.8283513594455225,1.570619284974975,0.29989428195566337,-0.3781697255370002,-0.3986941549860159,-0.21341458147424186,0.6281359347496994,-1.7390042293933359,0.4465147241281655,-1.0313811518720222,0.1015216795135241,-1.2322984532263412,0.5532596236739841,1.8188192286156204,-0.2206861045585311,0.9534590753785365,-1.3574021335902295,-0.8822181041167088,-1.036125106386724,0.18497726627262703,1.6103495542176047,2.395010975514811,-1.5848048908711678
-0.8117837682058325,-0.5081605962880457,-0.1369760652985036,-0.3176015541419441,0.30961055344960225,0.7822088654339062,-0.0474439241418863,-0.5630632784841816,-0.9088375582739604,-0.5273602939975517,-1.6965328288729307,0.8654857179241553,0.4759295771987508,0.9864459425454388,-0.8115237956139938,0.8769253309598951,-0.1719899416603311,-0.971007880052778,-0.46214640534012746,0.4067077151480853,0.20138824684119944,-0.43429861656230717,1.3618391226645268,-1.7638568274197723,-0.7907535397601261,-1.1274401898978945,1.3023981110151663,-0.08841627620103558,1.380222456113536
1.9895524954286008,0.8614043752451659,-0.43280456065228934,0.4849997093615021,0.5646164289143154,1.1739943260436136,-0.567493799394668,0.7310088267602008,-0.20933583870985634,-1.0498922328779496,1.2163980994888823,-0.9043792865272184,-1.1189386514481596,0.7435711037099391,-0.796762450514952,-0.8505596988122335,0.43096254937979733,-1.1717252872275765,-0.3034166707790668,-0.915355565064374,-0.3352148366424049,0.03878389932604711,-0.4656441966813821,1.2014267589038252,0.8784258994895172,0.4747964688572886,-0.18469214644814277,-1.2027585193857666,1.1660548217599627
0.6077602145794186,-0.18159331480311544,-0.7639011600370134,0.9521187288662775,0.9169326269025558,0.8705462634276927,-2.3132116330596646,1.4787445249639855,0.9401819774821856,1.3849809192952962,-0.47638566870156396,-0.8702949239453273,0.661474411364243,1.2177698988964831,-1.6359708526000811,0.537250569216785,0.6658207646937581,-0.6936937702896697,1.6085028889398163,-0.15279379039070531,0.02150207908436446,-2.291241271233968,0.30860503359059355,-0.7750000004799941,0.2900806516222261,0.5257605285710111,0.9732659415899736,-0.16868404826801403,0.5374843008177883
0.5319933890188611,-0.8707829729851237,-0.37533839508225536,0.7680809490571189,0.49546725551161797,2.7323317089124206,-0.8722581835205891,0.6820904751587746,-0.10836806154225642,0.08302782612384546,-1.2112948221995712,-1.6907326452828153,-2.121465173644522,-1.1876988920909164,0.30406345005432345,2.590615112787637,-1.728492360553085,1.7572457622661724,1.1732654484940956,0.9819556020314565,0.12118524585368749,0.20981822817541912,0.12581192202819697,1.7947006651900868,2.0166108845984794,0.2642539365821978,-0.08211865177487278,0.4855822627795848,-1.1416349554969445
-0.44647274164396455,1.2330713876871515,0.5184883413069385,-0.7562021261905818,0.5534069479139663,0.13190889146461132,0.0905691626420036,-0.9522722697197428,0.5145400887083891,0.16884607126849346,1.3126173784725923,0.641558430402982,-1.1625008223157003,-0.6358368245043367,-0.8973516106866536,0.6563124748521091,0.21997607696900834,-0.1852605073449252,0.29363523420496607,2.149586860129713,0.6082415532861837,-1.4357812171407314,-1.8869376441842611,0.46089890982793036,1.0139777256683167,-0.6930244383682191,0.6139671326167575,0.5172506885959893,-1.479350863166482
0.756203623622482,0.8440952258408544,-1.4394848966683305,1.2722296063999727,0.937939082763904,2.370616231851503,-0.28067574968283604,1.476174528833353,0.6171260706687127,0.8820489019707032,0.18147391804528246,-1.570774731631765,-0.36158548279681113,-0.25546188507716483,-0.48934344872308333,-0.6028085511052211,-0.7941415614964809,1.4535038049741196,-0.8083862749624277,0.13498727561532273,-1.4240264208865614,-0.22400798997147284,1.226417181669121,0.907948479057236,0.5707845228825965,-1.0341676049330861,0.3598824580019563,-0.4495306994243322,-0.1754320402375694
-0.3677292250528911,0.13673380416415787,1.601325304203305,-0.3787177413458588,0.9564142116069834,2.8753592139047273,-0.7310386847184891,-0.41996853238161247,1.1787910959686365,0.334779106602416,-0.7203280811408694,1.7095732666141052,0.22945942532396363,0.19394030035773957,-1.3015355669419177,0.9213571216221548,0.324670252879001,-0.17849302442196346,0.9880753683874755,1.1076070097316977,1.3193956401732116,2.231740494773719,0.28518262464427324,0.033426992919023076,1.2062455570192097,-0.776819678385506,-0.7784641983871925,-0.6391455237102932,0.2698470838139927
0.1661679351466469,-0.5543643079416866,-0.6849279783777446,-0.4397112681299483,0.6517153186960438,3.935451493786249,0.045981675639576856,-0.8891964434077977,0.8100615271093325,-0.32226395859687423,-0.9506486189312708,-1.9823715399080704,-0.458063240549202,-1.9256937522225757,0.3438335025748582,-0.8836839475965628,-0.7191717822590252,1.6146607222274523,-0.5619893715063963,-0.9279444486761323,0.25226484439921615,0.42283025251975587,0.8455363913080975,-0.5549220877095457,-0.7694124682692349,0.09648686379523431,0.924027599973063,-1.407945326948268,-0.7662119161820405
-0.3488789482633068,1.2533147624827994,0.8264120557590301,-0.7844766434058238,0.6435443310894381,2.9628612623242945,0.43413520128695465,-0.712051901056101,0.07182042512458046,-2.101677496559613,-0.9003218946953724,1.6420923007834283,-1.5588892969637864,0.35215714209661053,0.6493160407515228,0.13110249394443996,0.701475777306291,0.8506008553100181,0.7359118430336099,0.5451272552620968,-0.2491848482296077,-0.12111429065439311,-0.6852779619473468,0.24673625566810117,0.7818831518745925,-0.25222605405900345,0.40682720480772355,-1.5748014052030268,0.5183527255494338
-0.6866917077558238,0.035861046405199326,-1.0759247560086331,0.1759863512640573,0.5888701484673085,0.05788812124310941,2.2393837091798874,-0.238909288090575,-0.16690660684660272,-1.6370154684531437,0.6914511678482462,-0.07737931859627079,-1.1642777820477321,0.4550217942650163,-0.789492977200462,-0.6468681694016238,-1.3007040719267604,-0.9729415769656367,1.1246512878808643,-0.7468837624180334,-1.9060979521295842,-0.9915126789258516,-0.10449693644209736,1.9369848984873344,-0.5502742131593166,-0.006113757807754091,0.2592357025492866,-0.6395540223564632,0.27527100672743543
0.18179863723479744,1.0315797254744683,-0.5747071824083193,-1.0976177758136334,-0.3891207504759939,-0.020433432594238035,0.5897283246621489,-1.0364682436799275,2.312390965480187,0.4172241036985024,1.8679808607148827,0.29643691680574547,-0.5067569896817494,-1.6233564545592034,-0.1914584174682502,0.39192151380641804,-1.735010863229849,0.504198237897171,-0.7542184541254608,1.3019245447097771,1.601981523378091,1.020468340886928,-1.2068648361487686,-1.7002908598614592,1.3153905572106988,0.15481276573269745,-1.1467367913968065,0.47494562574194904,-2.778330045949858
0.5374443525106836,0.6201936537554273,0.1457523450318694,-0.5772349090725986,0.6707697503274093,0.11390777850134857,0.7086681687208406,-1.2571738778995702,1.0453442772603017,0.5057302472622258,0.754331527484005,0.41185929534865684,-0.3932815500953681,-0.8025858405556456,-0.5773793069464087,-0.4799264145714017,0.7421863289294307,0.1055936172203378,0.4468336050870298,-0.28622351410906777,0.616270304953716,0.5132534230442131,1.6670354939916154,1.1830343585931515,0.20347535801244832,-1.9453762947639712,-2.4332012033116164,0.49756695944901763,-1.529947948776154
1.7208202892002795,-1.2269030069741853,-1.0977421979336008,0.9592398290312744,-0.7766495810005103,0.9689181723196946,-1.129904079702913,1.7617303753504348,0.6945824279491066,-0.02653132309859082,-1.9583451041565167,-0.9114359551057571,-0.6676043617398433,0.769805378261013,0.7148689986498602,-1.1353119201279345,0.14943658285014785,0.1406303511760957,-0.864069629187623,-0.2926807061938519,-1.37828296989533,0.2796218863883331,-1.9334454975741608,-0.9467625485281105,-0.9302540871702549,-0.6431818922926342,-1.1410538788080293,-1.520127896565166,-1.1885551288814757
-1.075101985637309,1.2681365157341602,0.08376419469846108,-0.6921567941672908,-0.11900442132894991,3.3828583072360634,-0.8259550097999193,-0.4778904187961177,0.04606983733389494,0.09079091275405006,1.7723960644393886,-1.941829261506839,0.3060808949797367,1.2885629938813183,-0.47555207364641616,-0.1475132811623212,0.6479629029433513,-0.3742400064910725,0.8373726402163078,1.1410010075320474,-1.310769716663634,-0.17087605314645019,-2.0546319203594425,-0.10920805403221462,0.06671162007920435,1.3847485193774478,0.4003686487926124,0.4870422598761802,0.7828914747168215
-0.455985236261216,-0.9866189397803442,-0.3811683997457008,-0.4398551083013371,0.8679264677990967,0.43620074617401816,0.28351676058416087,-0.5797929762197254,-1.3591285868234577,-0.10971103463457182,-0.9912012042885041,0.5839892101339954,0.6741255194179683,-0.43063978522215907,-1.355558309221766,-0.24012507173907582,0.7894071287741777,0.3327072616494497,0.4617806746413661,-0.6001203006934338,-1.0592406161306338,-0.3887524527579212,0.16909816141853706,0.32441333934777383,-0.34500267249989885,0.6645981809661881,-0.7049043084701171,-0.8230472681885524,0.011088305812564536
0.4569434553783264,0.3517764210433856,1.0244029375588373,0.8225053537279082,0.5327182886032141,1.859329685393009,1.1923399776413828,1.840343464677117,1.2798294581569494,0.6232938312464911,-1.3278495640291887,1.4049731411489446,1.4329161605192045,1.8159316548464837,0.15356527571664702,-0.19839768593254437,-1.4872514446289675,0.39666752318422976,-1.3926445088341035,-0.2169374266726,-0.06749799865683048,-0.04353312544097071,-1.0531610740146014,-0.3808025728529688,1.3871145117784949,0.2715361149291507,-0.38809359007517996,1.6941932799673303,0.1484028301179764
0.3838723633423794,0.48598487724253586,-0.6916851844587465,1.0736007090828241,0.9538247138389546,3.7728160646160265,-0.23673916607263415,1.2948190534704507,0.04431322429718694,0.6240150634504582,-0.7376203177774827,-1.9271974081174394,0.7440994035351076,0.7046231626030712,0.9515780621518991,-0.5455592731846891,-1.2703869619731911,-0.251526829987996,-0.3632221040972011,0.4441724079375875,1.261252256857773,1.165837789794081,1.796483211821026,1.882986102773019,-1.1753224448486392,-0.20296171352101963,1.55153156927748,0.7159623584848945,0.4451446080058744
0.042440684044415256,-0.18788542649593218,-0.1174251150950032,-0.7194890774838804,0.5428977814917972,0.5519074181993824,0.5738395119996182,-1.997465059696379,0.5689910019242798,-0.560678325068468,-0.8958359637888993,-0.947775652427084,-1.1725521269106407,0.16899047016706437,0.7739421315752182,-0.2356876621753957,1.6766594304334745,-0.1521258027987822,0.827127908414144,-0.9848247788973106,0.3379641686898116,-0.5914074777777056,-1.0766442002168137,0.02263878298001348,0.3691493118779953,-0.1495405483198307,0.9080214832158668,1.927947660257972,1.1108312973601988
0.48642152325472376,-0.2509596678744837,-0.09753751359554355,-0.8593092026427852,0.4263324558360071,0.27671096402260564,0.3256676557626181,-1.2990056000796324,1.8308133562289244,-0.6473229395072094,-1.3600957419731339,0.3274326619512453,-1.5895026815299884,0.3972262300392897,-0.9168906710685674,0.415712522190716,-0.29618689056214215,1.5426716374436769,-0.11651418293131355,2.2183297019256867,-1.3328278341630009,-1.1717541657989443,0.21894708934373866,-0.7653459867605233,-0.01649698485957556,-0.07734698222725667,-1.2516567829091902,0.8931994070103431,1.9825562204592742
-0.29589594987234025,1.3482650068625948,0.49092340381138594,-0.8034237142500648,0.6458216059611863,0.40244206609152905,-0.6987094453973639,-1.0089202133731132,1.3018896101336732,0.8866561663875876,1.1042817232677566,0.6249918923521163,-0.8383789558969084,-0.15730155659208922,0.3553022761284036,0.5699088969129907,0.4424492508136943,0.46122833749791214,-0.27397595041555445,-0.21975466934075658,0.24720029858880369,0.7840896461489962,-0.15580849911301956,-0.6558772500430061,-0.43258396677916566,-1.2449410573950899,0.4193160201803197,0.10563674992196483,-0.9578331738629051
-0.949579890286598,-0.7851268655758092,0.025811343959161348,-0.5691185207685474,0.47967354974895243,0.4927076433185479,-1.786789913764689,-0.7966570361460552,1.2706989260567048,-0.6526815020257565,-0.849814888591983,0.8105482641655106,-1.1633282682907085,-1.5627207938996714,-0.7066019311760587,0.52571122623344,0.01512271554729972,-0.3200636805838073,0.495357712360013,1.0228232906221686,-1.746173097115526,-0.7354857657552715,0.041358504040647934,-1.0651176502937707,-0.46457577011124246,-0.5295062551646995,-0.6139734881141169,1.1056530188325266,-0.5913882055172264
-0.29596289235712747,-0.6566048498484733,0.953317131051592,-1.1516950666068948,1.0946682087767543,2.3152800328446945,-0.3812881778730418,-1.1374837674088387,-0.6279909972781477,1.0256846634879566,0.13694050084788767,1.6159162609900548,-0.4401323170908608,1.673666215788784,-0.050419637585246445,0.4039051064692811,0.2503490796428984,-1.7723195981452766,0.5511045455483076,1.4536632601511703,1.6097149111290388,-1.3173380496791172,0.08085287351630258,0.01853424284342805,0.022714549534467877,1.93377431893085,0.693515017833268,-0.9313818071312928,0.9515788020314571
-0.007928607555522937,-0.7983645861789894,1.2208357919477586,0.7267937778465281,0.7314891531071591,2.232039251098716,-0.7330554366752472,1.0790327547684693,-0.042840228420707366,-1.6387674455824435,0.82824889969296,1.5393787472794673,0.9251023044757217,0.5351182579361842,0.9129787434969532,-1.1350259988275753,0.27082899051299464,0.6119844817326217,-1.1169886441413306,-0.1211292488383431,-1.2363295823333313,0.3195190374138579,-0.3546594442711399,0.16667021463610684,-0.02597815067539853,0.9589937395934123,-0.5125358600837988,-1.3517249606649178,0.7751625691223343
-0.6520399699063294,1.011252710466003,0.9018997701052689,-0.11981137568645864,-0.0971813807622289,2.627037722842062,-0.38371125400759853,-0.2541764440137788,-0.5405567894568655,-0.3774689286899507,1.7120827001759413,1.6453854743675298,-0.16684384767189775,-0.8381857524480365,1.099930461208908,-0.02924937459611661,1.3453995322648356,-0.8002096338865919,0.3944134355250653,-0.597650888002201,2.7619033610806114,-0.5291059825307551,-1.2824275849408593,-1.1959073284306982,1.0289785577473345,-0.018365025921392244,1.6020210041741407,0.2573819225773686,-0.8608133794721993
0.8782167322376577,0.5154235707587975,0.18671868795403102,-0.6200962533929587,-0.0750727171284053,-0.017911605906883357,2.31447711795645,-0.9167983580561763,0.017369329380745695,0.4818798918139073,1.6772393981864968,-0.12470900725962109,1.3450705708759179,0.4474605538551879,-1.1652046247456371,0.830556528896242,0.08047550068355731,1.2049467084909413,-0.30220841555281325,-1.1912072949087242,-0.7926143290398449,-0.338991679244326,-0.08886986263674045,0.5473678837110535,-0.20779852182547637,0.6746072296456882,-1.2775550796244435,0.7654679551392473,-1.0814643851282209
1.0763026281243713,-0.5836563021709272,0.5587006385253213,1.118823998103906,1.0678486973474723,0.3570571735758111,-1.4047040571996294,1.0789142047520226,-0.933487014722701,-1.4664024008198309,0.11600324811148344,0.25918180560016113,2.0989767741967267,-1.7572935481311216,0.6266481912816301,-1.3788953581867982,2.124039951634357,0.9240986915185859,-0.7618590569882581,0.6004531073954378,0.5256328423277352,0.21750696805885186,-0.9625176452352583,-0.8210589995886104,0.09700089593122137,-0.3904900168551901,-0.19029129305307935,-0.5590844894071183,-0.8653804489957951
0.2090632076357241,-1.6441000313843446,0.9165703400352714,0.43323804429196655,0.7132270024558138,0.6053910447181349,-0.9812164039513284,0.6347209693808851,0.15705810889736402,-1.6058498068106044,-0.8541880916451667,0.7165355216205445,-0.9735958737853401,1.9898395419500514,1.5136014586567645,1.4062702237426956,0.421288722073641,0.46237609953818154,-1.8537557541654317,-0.5367622463278785,-1.3610474402286425,0.6561566308624935,0.5867953715616256,1.6495880429149057,-1.4697575605481477,-2.4615607860765114,-0.9023237517021134,0.3479264117203745,0.5552370867835553
0.7846680235890445,-0.07164875664865333,0.13043908295362286,1.0551044365410025,0.5602575079342075,0.36783985104767974,-2.5399279488377218,1.56809745598901,-0.8510213861920546,-1.3756747914254337,-0.8246710965503286,-0.035441593946604844,0.9614096216696758,0.020791877220360355,-0.6703769656918603,0.7298735885880252,0.7039773520641879,-0.007728628501056986,0.07723401023571698,-1.3913547819749155,0.22832651468694024,0.8237024354259613,-1.7979774242789668,0.716311044348004,-1.3346579283620086,-0.44145623925159605,0.32127398927947587,-0.018995760840760052,-1.2707519545121109
-0.27826775519067704,0.6420150362545526,0.5962846112419631,0.3060993448792168,-0.12677969517181217,3.8040010582093946,1.2566957976479065,0.4437558918074509,0.26191965365814834,-1.5473502261912517,1.681906854420467,1.9581908634522787,1.23480376449302,-1.5718695970706964,-0.03167924050648889,1.555905852982245,-0.10918088560551108,1.3335581488184414,0.019741244452817646,0.6862367771777738,2.1193083185017607,1.774602518318926,0.29058457543690747,-0.15803449289843072,-0.1723877896132149,-1.3959756524086189,1.2173212739373522,0.6120399713079597,-0.8456185558544872
-0.6533375658117129,0.6063093486129869,-0.28776726053071033,-0.8163882912756186,-0.32769362498247434,0.18585197685438262,-1.8881612176393223,-1.8599505199089936,0.8334568526821645,-2.192533127671985,1.8892471909140802,-0.43555900868403086,0.030458955858911032,-1.540546246320293,-1.6622256000113864,-0.987594509224749,1.4342742912401285,-0.4703803676522913,-0.9380358015331263,0.48161246320947204,0.6153413725899163,-1.6545676867731118,-0.32642475871586035,-0.6307890123783589,-1.276271591035519,0.30765184786926963,1.3819328617944404,-0.8113572992636919,-3.953120618088065
0.20547798925312177,0.7298848054105032,-0.06611996158494518,0.6332676716938075,0.7986671059938241,0.2641645599287873,-1.2516600024622526,1.3483867859192218,0.44485536692055905,0.8387975320087894,0.5989793800122603,0.3028635822143273,0.09917837131776691,-0.868195717195567,1.574411165577488,-2.3988836712807493,-1.7998631213207372,0.8279024576406205,1.827068619976896,0.7908155246944556,-2.319902182493139,-0.4841201325116078,-1.363279162864287,1.1531203853106244,1.2412677583974865,0.9034342628063077,1.2021227307707705,1.4630388531894178,-0.023367241422844187
0.21120728060433233,-0.5774096260805078,-1.417713631518015,0.5697063269420394,0.9061975333929273,0.8165243956777972,0.6937575180455238,0.14429978250030961,-0.22338721092565522,0.014871557235394333,-0.6549565365122252,-0.7641498616461475,2.1265266145547046,-1.080550988731483,-0.36234217863765195,-1.5927516001425348,0.520662596169418,0.8518616311101608,1.1157764236986791,-1.6690040026779487,2.243149448241707,-0.043560883395659146,-1.08413611192242,1.0342476001848977,-0.1954966420612826,0.11064999071770266,0.8835439533109146,-0.1847507938958001,-0.9418856525850643
-0.3342475643815722,0.11212468472167858,1.1314118195188243,0.4794122992799864,0.38405585568695444,1.081173502466477,2.1674086102123833,1.5609566122293197,1.2830508183966096,0.49355541295613536,-1.1092105901554454,0.981552922182011,1.9581453411369807,-0.7364869381871322,0.5059928779750086,-2.4512946927050834,1.550038169680875,-0.13320167350267512,-0.9094827023717481,0.5074518064652306,0.904205129796602,-0.9442041449724254,1.5141318824733385,-2.3613179334913563,-1.0026675842565385,0.3170104382809493,1.2616627829811822,-0.97667166957964,-1.5535214547791814
-0.4437543821627483,0.25861588641091376,0.488810158292995,0.2874399125181978,0.11592588853651586,1.776677793074572,-1.6620011561754275,0.3620645816015906,-0.31085806313397724,2.3376102696001118,1.320562767452253,1.1848430377935224,0.7295614097319655,0.7761113208872117,-0.5348420720167932,0.343811159665845,1.1141103102599939,1.1955577241320257,1.6872917921238437,-0.18765601673022272,-0.009329301977560336,-0.8820794399512918,-0.05745671638749235,0.015401980689217028,-0.5638160268579796,-1.0481467245417975,-0.06910459400851449,-1.8062061077562244,0.8994106920851871
-1.2639562718117465,-0.9855946251555183,0.3820777449131332,-0.7836452627177037,0.8623780765589601,0.46812358932993936,2.3010313744951416,-0.5897358071669827,0.2102725435347287,-0.09900831055506859,-0.7647980138314603,0.8298749680945816,0.5172828739523321,-0.003297838325857949,1.589626331902436,1.3499367749226705,-0.43075816235556036,-0.1595027884110742,-0.6016892034145298,0.6519774033458275,-2.4531670464868007,-0.3524112788568812,0.9752084645143343,-0.2076916252068917,-0.27363761858802155,-0.497968806685821,-1.3890051353327855,-1.7649248437244314,0.26378974219667056
0.08438443645318304,1.3268500174201097,0.9050108520085061,0.013923370858535677,0.6915901375501599,2.4376592541317357,-1.1620777557228192,0.09377106514456024,0.7926171944968062,0.7062872867015156,0.9897089518447353,1.524553825255047,0.10532779206868148,-0.22345720419214476,-0.28687511010364586,-0.4745830032688435,0.15610276533901674,1.3361503266767025,0.13966117521741606,0.0828760331682575,-0.014755666447520176,-0.7122305632162304,1.2617739143330156,-0.5227026625044443,-0.05692028508091256,-0.8830639522489024,-0.9445977316968197,-0.04825476564255219,-0.1936844145518659
-0.5460059750525256,-0.867600573802375,-0.0012225749220740184,-0.16181739920279106,0.9406765404544094,0.004382024623176009,-1.067874461975526,0.012006823644974851,0.8634983708260269,0.5534736918493475,-0.5833322159087806,-0.25068528976900106,0.5775968639015534,-0.7734108964141839,-1.0914333062508117,-0.38814764441660754,0.8073109050447125,1.2531997308338487,-0.10302118896773738,-0.46594036740129735,0.2405554734684677,-0.4167677588687098,0.5169786899265315,0.9513824738616814,-0.95494897999994,-0.03312373730999125,0.10661276452706375,-0.8072038586367475,-0.705169744234131
-1.1016639003812403,-0.9791267693583351,0.8043163166226537,-0.8357034337882258,1.004070647184839,0.49719509063149303,-0.6763567382012715,-1.3123318052727755,-1.0520888966266728,1.5953120567415409,0.3812386556617957,0.48287610970555095,0.29167482271665807,0.18422875973254937,-0.353805200244471,-1.1966511717742978,0.3400597244558055,-1.2809761968475673,-0.5512933924432095,-2.3204405950515032,0.62648105965647,0.5233592212360382,-0.5171426700115155,0.9106868197769562,0.6775417107932672,0.40854479543829914,-1.1224637431213969,0.2824876660542946,-0.22252361331649623
0.8174696243882329,0.39803533702633165,-0.42683406201252483,0.9355687807117996,0.3466563681922359,2.6355438188347193,1.074546662808458,1.553791459899755,-1.6610599276832256,-0.438241056932422,1.292504002441957,-1.573242465994856,-1.8792361957668848,-0.11980501530432885,-1.385336283747022,-0.2726492654236327,-0.023288884777340067,-0.24541927052964463,-0.21408620211784882,0.8154255969365021,1.595383761654033,-0.3509304878297056,-1.4849358467942517,0.6411241655145623,0.8391880444680363,0.5352408650720423,-0.015649054496623533,0.7435901266120332,0.458388887155965
-1.4096071563974473,-1.0450888251733346,-1.4513413202490613,-1.0368000651541978,1.012489494246527,1.4781582974367682,-0.1581275794367837,-1.1575283369393037,-0.3489465303223926,-0.008387735578460752,0.18710028988154193,-1.3232969559037295,-0.03437764590783169,-0.17801087272212923,2.1723085728595724,-1.5297105830628928,-1.0974492164239886,1.5801030077069007,-1.2878209647273609,0.12239135220178261,0.6704354549130226,0.4010875892880559,0.8676128528463923,1.106775488353553,0.2917683803086126,-0.8434778378493467,0.32283559561772623,-0.4746315059493423,-0.25579445756272723
1.163184345772688,-0.27640210772474916,0.4488556835622345,-1.1311486593049107,-0.4673577418972707,1.7896871909504986,0.0791172386644638,-0.9951398103197278,-1.1202386051723792,0.6161501143624744,1.7807970518403873,1.2927742716477968,-0.4039693411380472,0.643686527888438,0.4436931529658175,-0.3752003242180122,0.06612420693478877,0.8988136971371402,1.4560589448543781,-0.31105183607584863,0.3636610784462725,1.8370387530457208,-1.0040255716017363,0.8258297359540165,-0.10401492812434408,0.3870874022216319,0.3988657723534601,-1.1927707193704746,-0.06326089493926024
0.05911794444864629,-0.7874881798622284,-0.4441219093190191,-0.5702980739354974,0.6265750376615518,-0.1133120803424867,0.17005520653723208,-0.41281550907203046,-0.6551956099654868,-0.5367288572466863,-0.8512883281392503,0.12593005696166415,-0.3418852640933987,-0.35223707241011093,-1.0843769981498017,0.6423197527750054,-2.6705510249175632,-0.32847912382964023,0.9265499835965397,0.5596157810757144,-0.7372003660290621,-0.6365602322171021,0.1676618304533212,0.48676438836149516,-2.4958534406596447,-0.9478635977855008,0.4051739899866668,-1.4189826310978688,0.0009406003369707983
-1.1739557550680988,0.6645608863280621,-0.27602337217958217,-0.7202017217001531,0.36020506053654555,0.09139927305138812,0.996002703137252,-0.28263041047663817,-0.5951828235734792,0.7192312373976384,1.2863142417405462,-0.4683621128206976,-0.48433826313461426,1.6629057432411565,-0.42343598596089654,-0.43135203968142993,-0.09306755493859055,0.03494056308823539,-0.2941450271698764,0.9545290983341671,0.03476685343261372,0.38125540437340416,0.202368609863044,-0.8657656198066797,-1.0744539611440433,-1.123280554843373,1.760496863325023,1.5976817041784932,0.6976122191796104
0.4254338068008465,-0.1854721195776099,-0.4774033845302075,1.064232520082888,0.6216591378293547,2.429843080977161,-2.5401806613349454,1.685959465155653,1.424556996518717,-0.6722540585183528,0.17545487491631961,-1.5158626381432514,0.07028076851643184,0.24325251480948973,0.681359277006405,-1.0718572556507222,0.09644180735714696,0.18617644494637803,-0.9271111866816134,0.06821562893728705,-0.6104988625613699,0.18161458612845535,-0.23162454238889138,-0.06616720711898834,-0.15621832340963163,-1.4320270029820625,-0.10093964067187436,-0.8026526734589311,0.33055871419480126
-0.32543779659971334,-0.033993716681951835,-0.7626162055400976,-0.17421042328781577,0.12619564991503368,1.2678559146635695,-1.1409751694877237,-0.6179945337656263,-1.480332981967353,0.1824279744636196,1.3577132259136455,1.0519574750806422,-0.48923111381288753,-1.8796221278621021,-0.34010541319606946,-1.4118282238011592,1.1721546168198373,1.864481449917628,-2.0282501710461607,0.47158919837781454,0.15460119946711925,-0.4375516326226498,-1.1976729725517596,-1.7081801407902715,0.027968889189280165,-0.6342222845315534,-0.9801698895021129,1.5851194891802147,-1.3509886372739102
0.6140903987074524,0.14502660541274415,-0.33368163689645236,1.1337064990596972,0.896168104051297,0.8069567282188427,-1.1328064343426663,1.0599459172726338,0.2887998312465157,-1.389871691286263,-0.5763225363973725,-0.8728400801944303,-0.13940092854837866,-0.9129771030485911,-0.41254306771807503,1.7318698180951895,0.12588880703083957,0.7602780403883855,0.701750433723799,-1.111777674638597,-0.5029079496954916,-0.07439517421118959,1.639108220103316,0.7974521499961977,-0.6324187839568323,-1.274559301052051,-0.11608379491421388,-1.7909214192157479,-1.1380486456776586
-0.3568449648432708,-0.41085537249557336,0.9702990679985348,1.0056890916834496,0.9666111968767412,2.2847797045403873,0.8422309979402668,1.318100988816223,0.9817931218393785,1.2455500533788744,-0.5286908868146116,1.560476355043626,-0.5710866567791472,-0.11227643258283138,-1.5458711801648386,0.6629254681100331,1.333785654880487,-0.5810212400539727,-1.2037272382897217,-0.5990960314035144,0.6823197040757615,0.3394962006542314,-0.9511263680874752,-0.6216725544294636,-0.5891377657831435,-0.8311198962318398,0.13628890298423857,-0.19570233806335188,-0.31490835714330095
0.3488624509409189,-0.6715964416129319,-1.3954395685621306,0.6403399447241154,-0.23866261861752477,0.5720226298210066,0.9996711436764729,0.775615133490025,1.5442132766077175,0.15212563211494914,-1.8534423143285519,-0.7338088444808424,2.1857355074661347,1.5327901352025775,-1.172010970336479,0.5889023503024844,0.8687162392368156,0.7066547541215953,0.11390807289381678,0.04386132081710314,1.319415969139448,-0.5661404011992965,0.24290330368325969,0.7602336451433646,-1.0678725864025673,0.7944860149990962,0.609306892596532,1.349589145389515,0.06487364267875984
-0.21302595826925835,0.26794529855504357,0.7102280294884937,0.020734293440360284,-0.06034993537964212,0.38608159754267923,-0.13733004753056288,-0.03740918430294782,-0.13971681096420419,-1.03341673309366,1.304553645167906,0.5823496644746227,0.504488699712807,0.49901191259954114,0.5734230103668916,0.3195990373987384,-0.3010940737330498,0.9622432733933993,-0.47479151173481443,-1.2908398827370045,1.6721208541985837,0.3559855113261885,1.0323802277346412,0.5446679922219315,1.2629317444431323,-0.3373239419757935,-2.455597066573388,0.27554971962413943,0.44211492858114315
0.8057831905489783,0.7236831067305461,0.5445108294017429,0.7416397163949155,1.091809429081224,4.015212575404331,0.7569729256117648,1.1225250032111758,-0.16160666953064579,0.8190438560571092,0.5251973803824037,1.9672021871966883,-1.8746358752158194,-1.745694364713645,0.026830520246722365,-0.7847780005052238,-0.3568109872175963,0.24217413134138185,0.7583863430755912,0.35928369443170755,-0.05392546794923884,-1.0192887440043983,-0.49415884904955826,-0.8455490948300507,-1.2428823432803338,-0.4741995650062301,1.181748243711045,0.48830664451912853,-0.8636844956338127
0.03950210870511839,-0.8435595155539467,0.6158262968936201,1.1625312024840844,-0.285319837313071,1.563095994718774,-0.9622967645733128,1.3881396047509718,-0.3294196691169492,0.46184397508713904,-1.6795072152942496,1.2543654707452685,0.3729714454593847,1.91346674809553,-1.0833201173388978,0.8180722068144058,-0.8717319249433776,0.21947539495119223,0.7041870010498966,-2.886496320495694,1.4628682092460235,-0.170711298534907,0.29517652414834256,-0.30931597874291483,-0.41239495034345075,-1.372058045108705,1.1302045201827033,1.261793427626964,0.03591499105207652
0.6459194921683273,1.182763324386088,-0.19647874990248318,0.8925848834449222,-0.1518666715151541,-0.1464727025732844,2.688945297908489,1.5762331692661808,-0.02401076559649304,1.1653870083183704,1.82202034033004,0.24070113857760767,0.9334099958926247,-1.8148877970607429,-0.08401326027104578,0.4930012228622389,0.6814647188792166,2.682284320734366,-0.23546427138168183,-0.2639689518591012,-0.27805677580343624,1.3746545604643357,0.9641185796775816,2.223128022890009,-0.5519734644495417,-0.8197416636920005,0.1303970895200536,-0.5081217209984827,1.7442928145088792
-0.6338954940537597,0.29459702664137466,-0.17183804509886547,-0.691678693836391,0.44196163751500284,0.272402649915613,0.4129094883934792,-0.9689838201983592,0.27168325491404455,-0.06799792122420759,1.132086714253235,-0.646002887377509,-0.1213689605418033,0.375959318336335,-0.676774030810851,-3.3664964820048366,0.22728657676616282,0.20771648696202794,0.1712536061055978,0.3732833250255053,-0.607694345256226,-0.5246141318088575,-1.1354068684030234,-0.34725518908697783,-0.22678803575374634,-0.7350949731180659,0.28672154010579637,-0.6541143418058012,-0.4068125764959902
0.25711745927970125,0.47685035658602526,0.23780245152724405,0.5112551967214628,0.6115709842919254,0.47731880923377135,0.14211539651496957,1.0795350279323044,-0.4034905955878999,0.054364126167430596,-0.3433752075206664,0.7121450771450917,0.3920085495908783,1.088164057883659,-0.9645978222127686,-0.6565456328966744,0.4566460499889594,-1.0909550239982606,0.5592105636716548,-0.6441554203385335,0.8736693335234293,0.7978650507257753,0.229875876054298,-0.6576818990578598,-0.6320343148752687,0.9350424166274675,-0.2942737021320339,-2.576039361720351,0.6398250825533178
1.206639352232266,0.9001330906671533,-0.07600455287428864,0.9623930358798364,-0.23083923829585318,1.2143082439910213,-2.4091850708229248,1.1855848049546247,0.4618959601156711,1.1114946124858485,1.4953789800111896,1.0125554784559614,-0.049095597980846034,1.208722205967209,-1.3830722688243735,1.8725458257585186,0.039074011789274006,-1.304813833446921,-0.038273716679613025,-0.7888951676077641,1.3183535014682881,-0.230790419965245,0.6327079970040822,1.408905007514619,0.5907446473786899,-0.5819464462767147,-0.4945353241255476,0.04098607602077778,1.8105535193968518
0.7782559665386655,1.1834875086084198,1.7832818635635943,1.1258648515750904,-0.17104779690974672,2.8087045556811843,-0.6746269381078991,1.4438776496680483,0.12351793726291119,-0.3684301122826737,1.7353945828819985,1.679567722223477,0.930047705387381,0.40851337668477683,0.32917873853685437,-1.490647217100484,-0.26203612281896327,1.5797923292548053,0.8051133035619541,-0.21795558340443646,-1.454539505257649,0.41089060743619343,-1.1081214646796393,1.6807785790373608,-0.4607599853973535,-1.521641757342993,-1.113752022454864,-1.1871006576171372,1.0530245187388456
-0.06382028952260888,-0.5849644344584495,1.0795181008243888,-0.979594470605219,0.8628107600952463,0.5156036231276141,-2.891466947512338,-1.6141527488169318,-0.7991376419098178,0.09592863091820379,-0.6000727198063194,0.5901759338036117,-0.7341535966109514,-0.6925460650061215,0.7469813924013442,-1.3241995946063725,-0.12064400115188899,0.10640953531250863,-0.3358085785566566,0.8327830204457762,0.32470236173711103,-0.05873754555554956,-0.8467688895644037,-0.27537119674796307,-0.33122717961988424,-1.0963943219176617,0.428321163123619,1.0718854505071989,0.07988998700287975
-0.2754220533566101,-1.7608707852837995,0.9225732213254213,0.31296681788272374,-0.012904265703945511,-0.22027689889757748,-0.1215266331720816,0.5841442021688952,0.01747481788099058,-0.5826702718226378,-1.6575550889505921,-0.11119193131048055,0.202087663564565,0.6559435926201784,-1.600266021170238,0.03171628889578719,0.11543546470084137,-0.5671818375362621,1.4577903966849923,-0.808758645664954,-0.03479810082723646,0.36280120837114527,-0.22523862703949074,1.50083303688008,-1.336213576374541,0.3318103258260815,0.6494190253118062,-0.5854391200109078,-0.34651899323237545
0.39039670673293786,0.36620877584442324,-0.0260225150734813,0.27286076495722816,0.964044124654003,1.4013186764228651,1.703124709923381,-0.03019618544222702,0.262568162569062,-0.9734122486859077,-0.3500315369107021,-1.1740760225369669,-0.39029218654082076,1.7786224912008306,-0.5512728393429157,0.7050590137450742,0.10925176252301967,0.9859174054716103,0.738969032265803,0.8907741125874078,0.4639379066987898,0.13787332491167684,0.7620923352265483,-1.01583980529109,-0.8063854080317349,0.8086951049084431,-0.9082812916314659,1.342240502532757,0.9829256623984155
0.21022261390746566,0.43343557110298253,0.6778503090480659,0.1529142294389748,0.5922632013861959,0.16653152323380638,-1.1134369450584394,0.0632963591450455,-1.2360397532260041,-0.17735398332379707,-0.6172028233614366,-0.25615103178648857,-0.6805919297791682,-0.8580669915481884,2.9124416817707375,0.6859846213313221,-0.43462969587675865,-0.8569352541792782,-0.4861346485019589,-0.9037868314900998,0.35761402322855784,0.06070775533847982,-0.6853189257879649,-0.43269434685469443,0.02385084756854504,-1.2607921790445185,-0.5019278387281823,-0.16661797143907822,-0.7932412063930593
-0.3441334232031991,-0.4535172004877701,0.6253278665722333,0.7265970293348624,1.026603036301331,0.044426372400084985,-0.810935624285445,0.6250917044045825,-0.14476198522066588,0.07212186495319918,-0.728383504201374,-0.5307267275741792,-0.2231059165565766,0.014431736550059249,0.9553581073553565,0.2359064882367765,0.06637110626354292,-0.253755870281586,-0.5745844823719687,-0.13146900925790123,0.3873233527312249,-1.1185564140370146,0.7865863768833713,1.1168554050090171,1.5151744889002294,0.0362147826260337,-0.6099322806779828,1.0928159413259178,-0.3408132351500373
0.8911169020974065,-0.663124890677366,-0.6165137120179138,0.7928281041670295,0.18196055179172443,2.6372745315438544,-0.018313460603302145,1.888518883658846,-0.8612500643475408,-1.5925695700882951,-1.4587165364765875,-1.6552617291246188,-0.3309647562792147,-0.2306712105178783,-0.9443197105468887,0.27467229091165496,0.648722764834067,-0.742929070504914,-0.11430781556349495,-1.5911819320599574,0.24393328231992492,1.05436592383137,1.3488286640684926,1.9231757092647608,-0.36506207073158053,-1.354505636347859,2.4274752174515206,0.3994533356983748,-0.9652336078040429
1.4668767298449454,0.7935170782807719,-0.9048347934770086,1.0937202710674019,-0.08043369932380792,1.890587687999602,-0.5956009891428452,0.8804004517976618,1.5057204511509568,-0.6601207278284321,1.4574450673101134,-1.3618956104188693,-0.9402944575282726,-0.9226020196584677,-0.6816731514189188,-0.20578945702327484,0.5314990795143576,0.7433328530842879,0.2632305029870215,2.0430242199475837,-1.2045218586973654,0.11011842335368598,-0.7532665542899369,1.2377768236343236,1.3061144159686982,0.7318554813220258,0.9445453485934343,-1.1051317436249033,-0.34770301304464263
0.5876538514059113,0.37486063730811203,1.0429476142020893,1.0671980139876154,1.1424260247769196,0.9005918252985639,0.08169455735230118,1.8096288189189185,-0.31948388020017715,0.3764490540693367,-0.20414268506830213,0.885680543960293,-2.3395122415339085,0.9119397279458363,-0.1315085259570815,0.3183306835845138,0.641372169898128,-0.3949742845872503,0.2320204236773843,-1.1211922303918214,-0.64474577654516,-0.5989423988826024,0.4035683889664261,0.2580220031284988,1.4425743540501037,-0.48372969909714686,-0.2202099239484586,1.449554164110621,0.5836672715363747
-0.8132800916369962,-0.42537286907045957,1.4194411288815567,1.0966003192013627,0.9995645520979712,0.3747555796213529,0.38375978345292444,1.1345836617393843,0.6108375699904828,0.04234098352262894,-0.3810645092716203,0.6697630936564911,0.6619434285917004,-0.4760415481113949,1.2719611103944413,0.6937740554070031,0.8184156075280665,-0.43022734241920135,-0.08959183293414855,1.598652363799494,-0.5841043104885412,-0.3779976579853164,-1.330594826917567,0.8452004054652362,1.2349659753710744,0.4523162844362449,-1.6440621635799133,-0.0609427932763016,-0.7567283080247603
-0.0868416267586567,-0.6446720311915943,0.44083895545327506,1.1516918185650553,1.1190791543199023,0.27040230174280816,1.0950247912450635,1.6885151979939463,-0.22487795065717003,-0.18156735070464317,-0.5070133632848086,-0.3112079693426897,1.3089123506003923,0.7176585992652416,-0.5332675601717118,0.40221428968993794,1.0929264277704192,-0.68005140667334,0.41235154956250497,-0.8393677610958105,0.7392388906760631,-0.2875563444127429,1.1940773460395349,0.8595609839871837,1.3345603240758517,0.5458049496531939,0.06637694394810296,-0.7292927769999984,-0.12288473525335697
-0.16279795301884264,-0.15771062784375126,0.20805345255708257,-0.3500325364829422,0.4456020991190262,0.010417645062312741,-0.12797947456691455,-0.19679598878056614,-1.2487673068823197,-0.5646424002466682,-0.6453862152250336,-0.5982651530593688,-0.37903247374048876,-1.9314455145195808,2.375935337078222,0.14275753898043667,0.49847142022751095,2.0840601199386617,0.3332766443357593,1.1915838915416512,1.0528840352892812,-1.3844489583107342,1.4880578739707504,0.09917733684699072,1.854437869071741,-0.9330873746858214,0.6032252922958385,-0.5952168236845483,-0.8421356889135819
0.33350716365031097,0.4715514605896581,0.13662064369219243,0.5629945729737246,-0.6719476195366405,0.07916606171176843,-0.3312652080097202,0.5975354831489437,0.5655604834395965,1.0453635069403364,1.9913639327752057,0.5980965878040201,-0.5982041326367857,-1.5047850493810966,0.7668800156533324,1.8799311893491786,-0.5742672298909856,-1.110444689651573,-0.8465457914123674,1.2945075526119794,-1.4048857243436392,-0.051394587475862515,1.5217448972589822,1.2631395591048427,-1.060357020918364,0.45209473641216874,-0.9529830790452642,0.8887613552136806,-0.1214182056255545
-0.24108417074297006,-0.1231461031797651,-0.9217411189359113,-1.1806067755487213,0.8999426156757526,3.087203552029614,-0.8499137171352987,-1.2809979996857814,0.051483052576344925,0.09674362964801726,-0.6433619192641182,-1.7034798703866514,-0.030797698145364302,1.813893258052262,0.8232755253789259,0.5223434271624311,0.9955294747207017,1.245835883637977,-0.5940094166799953,-0.0057866193303258645,0.8035062453268168,-0.37970895978016717,-0.8181089842892684,0.26365661487303055,2.7315588537337945,-0.20508448602412774,0.37092801658870755,-1.9263529163292392,1.1818166341447154
-1.171556731189852,-0.6923477605131502,0.5514518022136119,-0.3842569856325355,-0.22860266052676473,0.9215842084125938,-0.06426223106827085,-0.41570380480120717,-0.6242491039342676,-0.6717387160421768,-1.9356262325791032,1.0883476304100776,-1.1923715122289626,-1.2842723542872565,-0.4635110113407749,-1.1899843963350647,-0.4272304104781606,-0.2516888357287619,-0.7756411099425535,0.9353107059454524,0.9947520117806395,-1.7932455527692273,0.4538359742480265,0.42971351144684367,-1.0698585274919092,0.065638851395337,-1.13695314287274,-1.2425802448527605,-0.590888284861832
-0.6221819161120267,0.2886544711376502,0.9769099046993928,-1.2224511318988607,-0.6202380659931411,0.2272928197603084,0.8734229278707344,-1.3718282543980593,1.0194060508597542,1.1307717798737071,1.935377823232359,0.33550733881426,-1.9401524490315567,1.861639292575557,-0.14307798157734752,-0.15738746172822723,-1.535403601398793,-0.23422035265569788,0.0848903634074905,-0.22327205356219096,0.25979406604799243,-1.3613368118019007,-0.8925028214785712,-0.5324414898203083,0.20961384075910733,0.5429487375938624,0.35618999146295977,-0.3943290109896608,-1.4283799396520576
-0.9734216547692578,1.4453149971264942,-0.27376292869469676,-0.45624633951131793,-0.34060039947541376,4.118968161235673,-1.218514130899924,-0.5357743630350806,0.6173289590920942,-0.1417727982516274,1.8914386844406583,-1.9705613883069186,0.19583065613454098,1.823732186457586,0.22185315773982364,-0.8543653758879574,-0.2953562087803283,-0.4481711842527255,-1.4544493817090103,-1.109252972451937,-0.08801551335076481,0.17771920287741844,0.10018564038348739,-0.3011071897119689,-0.5521085683469884,-1.8132922697199048,0.22321728633939586,1.2609048797120237,0.7606535247662395
-0.04544261777011038,-0.8477364339432778,-1.216284095523516,0.8114209780043921,0.4078560512466058,3.6566225074198515,-0.8732431258875267,1.9024940913213872,-0.8188523189145744,-1.268830440324906,-1.1201918049886461,-1.9441623870879634,0.17716574434941174,1.7872899877792476,0.22244368293598818,2.16516311190745,-1.2310322479842382,0.2995307214064868,-0.9657488110996073,1.035418177423696,-1.3379550588808222,1.5263254049223867,-0.3484162720955824,2.446895976304502,-0.499503727226837,0.08430512480701473,0.7117627730125509,-3.145126203211853,0.5307859233619523
0.13141806364192038,-0.786390955981211,0.8290012646528986,0.35586750721681915,0.4887099414686543,1.162048604887617,-1.6050477954549034,0.479273194914724,1.0751971130022167,-1.4656751387742792,-0.7500638329085234,1.0006361085301827,-1.3667007437288,0.918602930417908,-0.5495579180237011,0.6441436228395611,-0.24793063397563292,-1.3357644033623288,1.5226703003569442,-0.1607662498273077,-0.4221558701336558,0.038630030441663125,0.5059094454255256,1.6956754831321208,1.0530552782145346,-0.09686102263184367,-1.851231962925393,-0.5652588396324868,0.6151260257039377
-0.22731619223292293,0.13404943856297744,-0.8702730338494347,-0.2296854458483924,1.0707585730494815,0.9426634155508774,0.9464704386910564,-0.3333066074483799,-0.2723768886409629,-1.547899317812135,0.30577086008314325,-0.9940719177718065,1.1489485144087457,1.5193376467401971,0.9034518074125606,1.4230415212944691,0.06295583296715553,1.7966731645614693,-0.07392641471259215,-0.09723122776359078,0.6340689013096638,-1.0446571524954937,-0.33112574898867797,1.416704297430775,0.21111855554637174,1.2119447093877596,-0.2543278146729207,0.21340022597525304,0.9474155932994976
-0.11514065285801636,0.3085477219642646,-0.483761448700721,-0.7020629510698022,1.25229928555793,0.5997121947222974,0.23512777534243093,-0.5745434999703591,1.082724918777421,0.05883278801158021,0.2595675328060443,-0.8187677552318733,-0.5756393347051303,-0.6940652729310202,-0.33997654770303304,0.4811104746299331,0.028458065105387967,-0.07330538686596791,0.5376489162666099,0.4592711785368475,-0.047410575317302646,-0.32158644861361374,0.3366161672624995,0.8732586054605226,-0.72473695381571,-0.3543917707227565,1.4337044287556344,1.6893555218112617,-0.7289479909212352
-1.067674060784248,-0.5010876078850138,-0.43776433919654234,-0.6151791268006807,0.8156095702186338,0.37515976698218606,-1.0355168250052202,-0.795561135037985,-0.5554260870407199,-3.341095573982416,-0.5501357502389532,-0.5665231144852818,0.6353710634310453,1.5829044312227438,0.43573065384062165,0.004729539785716107,-0.27250876303825494,-0.6373681998620144,0.5853518466502587,-0.5209585565350979,-0.5073357205413195,1.850803078036889,-0.24906081833741597,1.5067801739635673,-1.6260955828193728,2.584246071635211,-0.16146228473001661,-1.0931712520730805,1.3312542567573498
1.215653905727614,0.9834201078603215,0.48144237872633466,1.0852283266530391,-0.12388169020172807,2.0001150741784737,-0.028903957316356987,1.6368056142441425,-0.3235443573915528,0.04923031529314583,1.886368706140713,1.43992902843739,0.9051129629104134,-1.0246646296504212,0.3270597282908719,-0.4424843788534839,0.7239033676190503,-1.1537670185672644,1.2852143888370864,-1.373913711770386,-1.3598296035095203,-0.05065217801957328,0.9948684153984001,1.1136666803688624,0.08783501273036619,1.7310378759713256,-0.12023474327314992,-0.23630226543709495,0.15008782107292817
-1.1504244715440766,0.17637009791564107,1.464848973593877,-0.2737885711768508,0.12036059439026459,0.3033502413949959,-0.7990381801000153,-0.40250246344902685,-1.298491243359758,0.7923638212476912,-1.1347378738500868,0.726329596512385,0.2537075505293716,1.780624427919562,0.30753479634808256,0.9046255318097819,-1.709350779684402,-0.7144060370653761,-1.4172154769759735,-0.6365215423008505,0.018923926180553104,1.6396657106299835,-1.0740443171265925,-0.5124711941631966,0.2821424557496986,1.2031119649642406,-0.7134269613550671,0.8191829423748739,1.2770640760905496
0.14345313930097203,1.418347564107644,-1.2202887793561068,0.9141151696448815,0.4885727528690965,2.0254825938301244,-1.0897109214866645,1.496479757864976,1.82081177913478,0.8994268707068939,1.2950059807057674,-1.4150402594730132,0.4519260008381881,0.4501503591106357,-0.8766350607413699,-0.272652444399685,0.3708019237528402,0.2691653260794855,2.8046250746280688,-2.093186935267025,-2.2885470347355787,0.5002021702989891,0.3121032614706215,-1.1472369544096308,1.4782682038633226,1.0346139284755462,-0.562667357229206,0.7216338454253726,1.0805810861816976
1.301877096700204,0.3528007206118594,-0.16285959200010358,0.8412957360065005,-0.35778700596324187,1.560861059258701,-1.8557582460456146,1.5826368654387437,0.361294116221849,1.1585722395957916,1.9902352867253934,-1.2820864784286163,-0.026168568969772567,1.7680977866704843,-1.5063529299052583,1.698517395163904,-0.11151106803737922,-1.7079303398597472,-0.31540816791491183,1.2535414618540086,-1.5828889458270183,-0.5052541372125526,0.5364819796813539,0.18183574555623738,-0.12982443301613486,-0.9168246985628076,-1.019093864626193,1.0320387999487235,2.1720222231065813
-0.5780678435928873,-0.5303180291482014,-0.4301223304446972,-1.0230536201858553,0.5157503736343932,1.5238017616128967,-1.8953989999433654,-1.4497359780604482,0.3634343446121312,-0.4419935990158649,-1.1551393624666786,-1.141573612891439,-0.03272371984870087,0.003999229462384513,-0.33754747580111205,-0.6733923864126292,0.6375168934241889,-2.2425132768763754,0.5304981400020122,0.6334038147620951,-1.4149252491384567,1.8246472501416406,0.03596640523831639,0.5655182587261601,0.06083460060550357,-0.19701794858165314,1.0373051204103467,-1.5802430337730946,0.7310980970477918
1.1591858421058232,0.349631254740288,-0.0623707662291872,0.7960671683473569,1.1267061647334269,-0.2502749602803263,0.2894482100787436,1.0021421092013378,0.3135819415068263,0.03369391543591326,-0.08126488894891981,0.0833178577306275,0.5552747392560639,0.1484852011698674,0.2659469055820508,1.0503382368008902,-1.3054117760658186,-0.8310514052679185,0.46273723075270273,-1.6224650256092912,1.8029381946042322,-0.7369100473191602,-0.7929727848514251,1.2294902071642666,0.29683761033396144,1.968029358270079,1.2622578414121581,-0.00013947516492109383,0.06706264601040962
0.40667364454458393,-0.6648458796128395,0.1308252744248061,0.9121948575260147,0.8142007289472619,0.6004345259202314,1.1936881706863303,1.8748698313427723,1.0234913904111598,0.18230940970989637,-0.8907350031017316,0.6142276348880409,0.9807664669108169,0.7065838408890084,0.6141455283401349,0.15413595350615983,0.19703341430891663,-0.2818878711054674,-0.39853381812043914,-0.8857132837150146,0.12503294085834368,0.0298011470977909,-2.0665873181552965,1.230370650162585,1.1551552989310145,1.0681982831115977,0.26752996759412856,-1.1618735045314377,-0.56330829550909
0.25474617868722055,-0.7304105229946007,-0.11473326533529918,0.6912254991834169,-0.2880687609967588,0.05614093701135554,1.023481550629272,1.4422636440366534,0.8569354341527717,-0.6525704605489823,-1.7669141588207222,-0.14769691992459855,1.5813196493372144,1.7290470419740442,-0.37700176303565147,-0.4143166160788286,2.5901408875600684,1.6022502847514448,-0.31719482134516863,-1.324600318227762,-1.411635579584187,1.243663744700741,-1.5562433679918328,0.9715639784291047,1.5727568409859927,1.0807580951615596,2.2876598817214475,-0.2605587569129672,-1.506447569909189
-0.6517225926047666,-0.5885918219788508,-0.5604123488062258,-0.5699687052014578,1.0606844375119933,0.4449832695754696,-0.1622885320908806,-0.6046033765108936,1.228077034804018,0.5766804797405694,-0.0839082597766172,-0.6051614780207442,1.5594755125510973,-0.9228138935610497,0.6123636412251293,0.7766715646587669,-0.22977401568757916,0.4361334082646286,0.6603459145108054,-0.8367577651503653,-0.9397534869882839,3.160062470026656,0.6295206494902494,0.4207105402971579,0.447116223412737,0.4293582348838242,-0.11355430770411394,-0.8129012098391465,-0.7601706538925541
-0.9487668426295315,-0.0846041533842421,0.07706498447954302,-1.1735285894293563,0.3618856423871637,2.8806009300115734,-1.1697945288698879,-0.6823153935219302,0.5435914773451082,-0.07529310418455633,1.4178637573752413,1.6097426411815832,0.45801603008301617,-1.565663715953518,0.641839908151946,0.8450799833912503,-0.31836630055144965,-0.13907424285115788,0.11714736520716613,-1.0653600440296123,-0.9630141134162251,-0.43660654023508344,-0.11936386261517218,0.16650071872071562,0.47851814907998097,0.37914321260330935,0.26870243760103174,2.3631005075462626,-1.2693706111590486
-0.13298310792257784,1.84475690526401,1.5650662481567292,0.8374118717236281,0.8174509561199809,2.459927248459995,0.409280595278022,0.885804922024267,1.5948772931870905,1.0278159613498192,0.736507802254196,1.5613435465585277,-0.41757550074568534,0.4658730588600055,0.1751662430897105,0.7638869095379014,0.5920925924160928,-0.4765165810737058,0.6049825616264665,-0.9215603010191861,0.33406360417764375,0.8622827600472884,-0.4064293292887276,0.15629028466301448,-2.0730878837942175,-2.2237831318035948,-1.1775680844996477,-0.5800146211295852,0.6389765181499805
-0.6318167475555005,-0.9455980543981719,-0.26062904421537497,-0.6052021754900597,-0.1692486923164872,1.4502523725724283,0.0008968937329665022,-0.7280187116056287,0.4800833243685169,0.19691818951528037,-1.5277147567391678,-1.1394222297104895,0.19340915636195471,-0.24690926096989818,-0.6415316104525837,1.5031112226073722,-0.6310283156554197,0.5153017755540772,-0.08700870453804413,-1.8064695963041515,-2.5241232269954548,0.5268118689805994,-0.6016111013910016,0.0011655529281398053,0.473232891881975,1.4752698986443253,0.9094792656502159,0.20816822723508982,0.23952049303200773
-0.7187044274717672,-0.6961925670870625,1.116777715096226,-1.1531985324325023,0.9127257274255859,0.001382185625497745,1.0223836236382238,-1.6532372444092145,0.4889657800469062,0.9160489302393015,0.4512376934832192,0.509788273178228,-0.11149813819129452,-0.05362411165930947,-0.7923418096654131,-0.7227083800448376,1.9720495731360421,0.5809204762117193,-0.49967604214494665,-0.2686609118632662,0.10544629965425922,-1.6001065845605187,-0.8545319497426052,2.3096781926798653,-1.2357810921118193,-0.6894887407362136,-0.9265436101822436,0.0971521553008378,-0.6457187310536256
-0.41017383671390784,0.33868809724077287,0.6966695043134656,-1.0187898092126333,1.1455749901323449,0.1787514529220598,-0.12025724887004664,-1.5150816326544767,0.24944784230322614,-0.1611941135080915,0.09803998893339916,0.3571929933475957,0.7704852490999125,1.9104504372644242,0.38782551743557514,-1.289687552239413,-0.150784106400845,-1.15366990434794,-0.3609144688317427,0.5267423384585203,-0.5486449504618374,0.827598017115071,-0.9477755755672296,0.6458989188981539,-0.1539363124499997,0.8230143384236206,1.7729445482614068,-0.46501885291705014,0.8111385639957537
-0.8239376175636715,0.03691606670518288,-0.21263934960950925,-0.6255506228582266,0.05100909378954355,2.2128734144131736,0.7342343896434117,-0.889796379310086,-1.3495331937896784,0.08654164955572369,1.4815690142076736,1.451542070468549,-0.14122607429400477,-1.8344560509867551,-0.4999166672045804,0.30158688089004443,0.274921065359254,-0.11019934043412438,-0.22712902458924195,0.2753903355662416,-0.37249886335239435,1.1845490035088173,0.3828113699473584,1.0523845495515975,2.026929701531335,1.3766117651140555,0.9252384965245422,0.22614330666924834,-1.3897444393689442
1.1859056414217646,-0.4819545510770525,1.403438625065843,0.777416621667708,0.6723947011449233,1.6467174563715274,-1.4199877322210672,1.0267691906109881,2.0196930920451948,-0.6866760676669974,-1.112961670082294,1.2004879451747734,2.43864097949772,1.071548329413206,0.5736542040451724,0.4877076434502503,1.5750569484727708,2.1018742598667077,0.04005132396390795,-1.7441753688154151,-1.424166592839334,-2.3421114795568476,-0.7260999964311706,-0.24463618519293048,1.7790053596928583,1.4690041237801241,-1.1561781799585955,-0.9078918629705187,0.40982544780501823
0.9482605337291441,0.8285888641026492,-1.0676190128740182,-0.14031911898624808,0.9049666939817306,2.0925734190790606,0.3382962840579728,-0.12670249767083952,-1.3196700831581438,1.4110221071088946,0.37243579739341515,-1.5298954266977285,0.24840601728021278,1.0321307434939477,1.276651503054526,0.2064914947192679,1.168242029513155,0.7766806323893612,-1.658010004076313,0.6171093056899895,-0.47217820472855115,-0.5471994596371674,0.3230515351961198,-0.15723964329392262,-0.06348249616937013,0.23108747112136202,1.6531254969125306,-0.554531412407759,0.8442681351176466
-0.5704362272527068,-0.7283872200890732,1.0738372518701382,0.3399373705619413,0.9316366938429851,1.6752522997492563,0.8252337076926447,0.5791062440786288,-0.10062401311025457,-2.3891939660251995,0.43442604853660205,1.312372192178462,0.1146092948858178,0.17918426711569735,1.3512224088823692,-0.5485917154854377,2.4990412598706118,0.19134166225121235,-0.9809921218109735,-0.10449500599569819,-0.5808631113870288,-0.04202012544298226,0.8750284576091691,1.3714023276434373,-0.39146153340308526,-1.6665758627294982,-0.37563187910505474,0.11503563435283269,0.2706403305343431
-0.8378892501825114,-0.8770094739129815,-0.3910602160777632,-0.523374349493738,-0.2201108021424876,1.233831279957947,-1.4198130144456913,-0.47685685050266935,1.4924583575056856,0.9168158836817575,-1.883071804686244,-1.2506248040012662,0.9259309519235702,-0.32989765292355777,0.06458461904375677,-0.18961944151299112,-0.31630819965984613,-1.2770499808214677,0.1682792605158925,2.088260961441344,-0.3496561784739886,0.646195863332283,1.1037896625667845,-1.0911836468164076,-0.11674630108414502,-0.7819685344832256,-1.034736984491875,1.5354103473315295,0.026262002699849962
1.0349243516861562,-1.1706394401709512,-0.4361994576515089,0.873808119197687,0.3885299818390888,1.864358475654463,-0.4741845263652838,1.3152781734567451,-0.019734661185487126,1.0197185798539872,-1.4138787985840033,-1.3000062036153075,-0.62119195170414,-0.8902735887098636,-1.2592690002148588,0.46584851298172947,0.7906318708645752,0.8816472307534609,-0.9464483682774938,-0.5436416417907605,0.5215991837440452,-0.3135540971941795,0.004641125788623772,0.05509671080452949,-0.1845169518494407,-1.2006326198849366,-1.0147031186835194,1.2909528497112965,-1.4685572170525099
1.2054669408388448,-1.4755085160775785,0.5132545365908784,0.9778726929465831,0.7080031386517359,2.119194373360885,-0.9739582843377517,1.3859615057316308,1.0312391792676885,-0.624136659526569,-0.8943975526516761,-1.4791286852883214,-1.1750957013583452,-1.5481133907052427,0.8300730322000921,0.03283779854232575,0.5765823378050721,1.0077870967565827,-0.5046831176098868,0.29917603568584544,-1.1915703868455572,1.5534308343723087,-1.389357042435659,0.636096720876077,1.1319074527961626,2.0603563463037284,-1.1786575375946653,0.807634179241191,-1.3885978110253634
0.10894187082206133,-0.05439095408944729,-0.9574771804394953,-0.6730449852889132,0.8201146663873702,0.5552403935549394,-1.1493750049679314,-0.4900935367343813,0.7967437629189943,-0.35751745105838223,-0.3107927527473531,-0.731371151044343,1.7833440455858445,0.319915509906219,-0.29137579230171606,0.14809333563716198,0.6383993184360648,-1.296795547959682,-2.0572043505142235,-0.25610387408443785,-0.1656965171092085,-0.1430612741845161,0.10665825466526942,1.4478399417343741,0.08692218180325018,-1.0073694215177462,0.4766087250715474,-0.07414547692061954,0.41372223458767277
-0.2138815090452756,-0.537839917484803,-0.029614266727118532,-0.9969714251164334,0.9054856632884082,1.775548536308375,-1.0907093231775067,-1.7415810744424238,0.21677295889115605,-0.5234060590796359,0.7898537433217108,1.3097068834134067,-1.5727737772678776,1.1456330683284968,-0.14717112445822056,-1.0759940533741454,-1.2871359395702096,0.7887813946453519,1.34893992492798,1.8347578740845505,1.9499356207906704,-0.7968277272620743,-2.4546751234875486,-0.2614856337633898,0.12062296176491179,1.3665408849266738,0.14110369610452236,-0.20494434611606713,0.4043687990097956
-0.5695840189395069,-0.4462682208277484,-1.3085124038529714,-0.6360282701621957,0.4394760640938775,0.43192170364923366,-0.44397374043995963,-0.40708349840637226,-0.66515484098023,-0.21595026446690566,-1.3202749185474678,-0.7393873964808071,0.0283686272423358,0.2970451601137283,-0.35753811912097544,-0.3841129885259226,1.4319504910893135,0.2482017094553177,3.3447256234569034,0.8850366003670491,0.7420401604843911,0.5136002353068767,0.6931101974266365,0.29087410181196344,2.1460698339154876,-0.054849829512494785,0.24592536479177754,0.3673154020707413,0.6401870442955988
-0.31691840038150015,-0.8092167656238581,0.3438614900493674,-0.5486368534614072,-0.12077896995764034,2.2885331271347322,0.4999638980147729,-1.2764494789041332,0.12409241630475441,0.6629539977427449,-1.8911169139497845,-1.422549642179186,-2.2379873443395346,-1.6987385506093071,0.3578389571424389,-0.26658848991765305,0.1819577679494407,-0.2062082970909598,0.839160479017193,1.5320994069786307,-1.4227167337484146,0.6103466809541038,0.5741576996459866,2.1105889103360083,0.8192505154065778,0.1364111490855124,1.021435931422728,0.5393472050194933,-0.1934811062800279
0.32174860105176734,-1.533845534550012,1.4850677593469954,1.2084033496129445,-0.13896416691416047,1.9592098223189804,-1.233235606893048,1.6235816220062698,-1.1786482821621447,-1.7109878074627762,-1.7888958390546277,1.4912344432117828,0.7648332489278722,0.09323463915035735,1.1345371971849216,-1.4136251018410884,-0.02329569175634545,0.12702162533002354,0.11682256924737423,-0.9148423827969386,-1.3161118095015103,0.14398529122941214,-0.013359189366902505,1.297156341630803,0.6445692326397391,0.5020407152765314,-2.2593460366509546,-1.2697145803161758,-0.8078360071680799
-1.3889565821504946,-0.8428828557233456,0.2530186707671744,-0.5161948278205271,0.8778535042544038,0.3377795385620789,0.4912106136221253,-0.5753216778374912,-0.06321493065066089,-0.039758038404818334,-0.48915657455061634,0.5530183109340268,-1.618915059274866,-1.0382566135079672,0.7768079548374195,1.3699941299891325,-0.7464122507690377,-0.4202423328343274,-0.4939032879693667,1.1055651456896527,-0.9339989154952749,1.0051907802159303,0.898809100598742,0.3123055114584954,-1.393266681336036,-0.1236976960954189,0.08314420292426322,-1.153857866987433,-0.6460079909808172
-0.26115982899131723,0.6229038990195997,0.6353610072832407,0.7410956367437198,-0.15961817376384793,2.684979643783072,0.7294165026020014,0.5759538926825942,-0.29443833213915505,-0.3943707518050492,-1.4344447695598763,1.6227185816578094,1.0416899039374046,0.2977592006580547,-1.626823381667959,-0.3758445142496995,-1.1084535410602967,0.3981658030488453,0.6772428281782514,-1.5576008458672232,0.4753476276617476,-0.9892563696923211,-1.4959687308328609,0.6674407579097962,-0.5512825146042741,-0.10897406955603615,-2.611329625342889,0.506278221760718,0.06598402752742294
0.3166673392890406,0.03843175911928687,-0.7555990156454535,0.3150823033972548,0.69527678666441,0.5548816528499176,0.38180120194466155,0.25223471805184516,-0.4919885912252993,-1.137362495516276,0.46633976284083456,-0.9189385964437289,-1.5080490264844018,-0.05811828906722516,-0.07207619205078718,1.1396583428328908,-1.0818265836883274,1.085473685369912,-0.5122700299664167,2.2668800351880356,-1.1809255790098838,-2.389341375668067,0.13294194582123525,-1.1316787273177917,0.27001935434079194,0.44543292942339713,-0.6311201726312197,1.0857374758146456,0.0056880128367091665
-0.35808206744156146,0.6117157020023154,-0.15210172943495837,0.0274944689975459,0.5263956162786532,0.29037941547691,-0.9906790494159089,0.13652959070236959,0.29300486448472063,0.016015779144274694,1.4304979689912884,0.6415901166618481,-1.129373030776525,-1.3296920544068564,-1.3736380020870147,-0.24076980097519607,-0.016034852470618935,-0.6468746818175337,0.6324734038688201,0.37475378803061077,-1.5496852491967401,0.24121404839900845,-0.6514528739058657,-0.5632472956127411,-0.09321909896456923,-0.7552376303693066,-0.5169725028898102,-1.6233663332960186,-0.8327212092762504
-0.39698762210849453,0.991222752969119,-0.25633553847426194,-0.8777670787692837,0.06360996011643318,0.23847200955648012,0.36343010369840456,-0.7817151927120349,-2.18319025684913,-0.4119429962746856,1.4165065532702044,-0.3355408322321356,0.19030241553252475,0.7487673330567803,1.2267602191229352,-0.00670246141530203,-0.33655355377890067,-2.070833559044254,-0.3569896059936142,0.1874627747392783,1.0499637709181087,0.07546725651606506,-0.01896526872462127,-1.4515947696018305,0.06072039601173293,-0.20596131732560685,-1.079249034748409,-1.5198998202812881,-0.3145153351618447
-0.23673221454983784,-0.6432433004243904,-0.08907169444887486,1.235131693281295,-0.0048194743812548235,2.606293838639502,0.8575658105566791,1.8003776803056941,1.258128013145748,-0.8809447057948049,1.7573398646236251,-1.64121437362805,0.3857096155892355,-0.5759284268741558,0.7281256557654279,-0.35321158242734413,0.5682508889982082,0.5124083594411852,-0.2281774829876054,0.7693617899051564,0.37958146425324646,0.5860055161245491,-0.9810634947343855,-0.8881092015849028,-0.4941674051372114,-2.551692540175479,-1.861704042887298,-0.26932164064647124,0.31197301729147975
-0.774169024381474,-0.8119561624959701,0.16980309013726505,-0.7960464518276028,0.15186424490838274,0.02770940215391937,-1.6653339306407695,-1.986774440519108,-0.5161749441486927,0.47700784451574957,-1.2890361062534437,0.5277735294203945,0.6118017774547446,1.2618687664999384,0.6665428171535853,0.35747266851612325,1.2819962928210418,-0.7613826292849463,-0.8259686768574217,0.032774792999365136,-1.418863914015082,-1.3632927282421692,-0.5484332350381985,0.3290054446463037,0.5758286575337681,-2.10501024212346,-0.6628084592724074,-0.9151692041645613,2.955737264765848
-0.0365687645471891,0.8001367211962205,-0.9276847191106973,-0.5867849584185988,0.949487712153647,2.550481616761788,1.222251521236795,-0.43981881149836255,-0.5292311942670009,-0.7771066048883019,0.7062966885628374,-1.5273768066737365,-0.9889471530445249,0.3582301257160512,0.7389032921959873,-0.9078214841617306,-0.4902704332287466,-0.7757042845471743,1.7585628007575622,0.25751600227059523,-0.3686188572763679,-1.4479065943148173,-0.614718680542945,0.5169353138931917,0.5812661302694487,0.17264433769329207,0.0673577569263466,0.11951704362173458,0.2574118131692369
-0.9487339661900929,0.3310918433146894,0.7913463109628912,-1.2795376167855368,0.46873497271897,0.019326552362227953,-0.10099712433246466,-1.1497638950482312,-0.3867669124927832,-1.3274965767430924,-0.732035823560385,-0.10456477342053505,0.5650069169394725,0.7329463302709427,0.2183210461633661,-1.2032543615029399,-0.5688132637563976,-1.002343207870005,2.164473448808197,0.39912143540579625,0.531815757394889,-0.14691886417468472,0.030928447250963713,0.18659875574153445,0.6923778261271469,0.6427837208221033,-1.5909029132900296,-0.7768951852284032,1.501627531742171
-0.1446223857835914,0.17080541981867947,-0.47192103413666375,0.1396018781652673,-0.06726517699660628,0.18150584275595555,0.7574144901441087,0.07429044998201251,-0.7000210491683634,-1.1306430307621378,1.7450605041730243,-0.1573623134612161,1.2452723582589726,-0.6060870793321897,-1.4136454085172727,0.9557890422549794,2.7755469270486097,0.7114607738857084,0.9533788247990707,1.4957959766750166,0.04353172912594338,1.9367715321592005,-1.6709085998851572,0.8081432357226143,-0.1629773980907305,0.9423592102810875,-1.2401372380580906,-0.6927618979091587,-0.4431472547235176
-1.8216766212759774,-0.29431681418991434,-1.0683965689509565,-1.0974864327393092,0.16241828018953128,3.5240715279026205,-0.40317456165076127,-1.3421039584807932,-0.14945978638988924,-0.15640849211936927,-1.6790518235816654,-1.9293206324999348,-0.46313511127534623,0.5145189293975769,-0.8007157357088369,-1.121098855989525,1.158099094109223,-0.7085890366406948,0.6279439371002907,-0.8201620438997792,-0.1070802380309374,-2.099532229888191,-0.44328795772549673,1.177148632974609,-1.5905788265466314,-0.8032817180566606,-1.01987266556484,-0.7420241949026029,0.9693142114510922
-0.6973193112713998,0.955321138799156,0.43188072116999243,-0.9731170412995442,0.7376180979740075,0.08964195477630235,-0.17923697134611463,-1.0045663149095456,1.2434183149909879,0.7241037659851622,0.274303074112102,-0.24235284312159866,-0.7888674676778346,-1.895711573073346,0.07364360828478039,-0.29507103021146924,-0.7503182331412566,-1.4489750934954033,-0.7046452064436396,0.5966101007249434,-0.402047410991739,1.0915794921583517,0.2989842101784994,-2.016465762156024,-0.529351941188083,2.1311077422009883,0.9642730489485072,-1.199151376824159,-1.2079465537319303
-0.8096298157612238,-0.017274100458935127,0.1282419257948897,0.009853785394458359,0.8548962981975743,1.1667340216756157,0.0645586666073385,0.3659945108959972,-0.7593663043007427,-0.562956192560947,-0.40816929362209464,1.1309209983513426,-0.6977679841255984,-0.48023766551060065,-0.14299236760926573,1.432757225799985,0.06736774358137575,0.49490811948800106,1.9385857003803924,-1.6871182584292996,0.09814781456410908,0.12242213928585398,-0.7471085804554999,0.4473025335143323,-0.8565420267079787,-1.1554535440084266,-0.8029288885488649,-0.05681946854489124,-0.5275401596838822
0.010634776350677222,-0.1283878196754027,-1.016459738396575,0.7995137551566058,0.05639025443180434,2.7881345971345186,-0.11739995879622854,1.7986184318119545,1.599079044343153,0.2500742873502928,-1.3990459607181727,-1.5205606653643287,2.106359847246494,-0.2874692433536623,0.6964729303248217,-1.5386667010697945,1.468388882547677,-1.101018132965254,1.614050475078652,-0.3780918624701613,-0.880468246370145,-0.21994223521065445,-0.7002546732292088,-0.7677634712987067,-2.9988135000751535,0.1727998239613241,1.0733990585572102,-1.3523992287114122,-1.0432696715233898
1.1961042170688154,0.15099648200650473,-0.4462748403921425,1.0176992003713046,0.29422434861448443,1.4935609199638917,-0.5724940296165029,1.9030080297499268,-1.4048179251109292,0.4445241343562519,1.235052124473174,-1.3300726339397029,0.5472816758996034,1.8911741548602845,-0.120907501971473,-0.2266756316435374,-0.4266373338177793,0.759488550398569,1.6552454395169145,-0.06251352405934468,0.0500878969749516,-0.6372195003257599,0.020731294551261763,-1.055114678602258,1.7439759502722714,-0.07241009069072082,-1.641609751916844,1.0872525429869269,1.7978831992923423
