x1,x2,x3,x4,x5,x6,x7,x8,x9,x10,x11,x12,x13,x14,x15,x16,x17,x18,x19,x20,x21,x22,x23,x24,y
0.2646414183673945,0.18083351206437942,0.9317923207433448,1.0833967004953282,0.651810734639722,0.3219991795835878,0.44173520870443833,1.0382394972115434,-0.5483732241276777,-1.9024341365913942,-1.1074464233231862,0.18617660134272462,0.2937191643550626,-0.5462378411868406,2.068157168313322,0.24371465505399237,-1.0285186007958884,-0.6624096783076548,1.1236823115839345,0.9932308368443575,0.22460882510730373,-0.9533141125968033,0.2709065280538582,0.661459706892289,5.835683034215069
0.3547636747157411,0.32216515269595447,0.3323515113205567,0.575771170669316,0.15783108773129018,0.3823428455451984,0.9195222562704686,-0.1336733712641994,-0.7795346059375063,1.7270479641872285,-0.628633188575337,-1.9620335777127662,-0.3143307422472282,-0.32503268984838746,0.9955106523289453,0.9015901315586581,-0.6689689623628206,1.123395388974675,-0.7819959021598436,0.6420951305984903,0.3025737443153755,-0.5161940123514684,0.7247764443964932,0.6602303872176241,5.333520238270816
0.029540003304935843,0.4922592890235425,0.4668738460833207,0.8354718712454894,0.22198335613263076,-0.13256816419634612,0.7819481064564172,0.6278614188609167,0.22989884865569715,0.7487327215614725,-1.2496748026591944,-0.08351945222622262,0.3365913607398599,0.07737951228705756,1.8608088692789886,0.7082004331425938,0.5199327689461369,0.26335481482250084,-1.9077900191577264,-0.45819776738238194,-1.9901395067045915,0.08634714345305694,0.004391592308722769,1.4310190085314756,9.653062171277153
0.33209574895591776,0.4813031817723177,0.3826802839265109,0.7883413993462761,0.71446413104265,0.9125884712867774,0.0562371348784003,0.5418651046688453,1.9302876238886444,1.212605429995699,-0.9935086731553121,0.42663934593194736,-0.6221579343684205,-1.628343484329046,-1.0962460134393055,0.7485114939225458,1.6378899856526787,-0.27259777148009917,1.0235894733147253,-1.2016276935121706,0.03762713524399262,0.38308013989873985,0.9456868399091017,-0.3129485103831064,13.9130849868817
0.42557780981476845,0.24147690299029714,0.8232019396186007,0.7528522197154981,0.9921430724070008,0.588885297389398,1.7448058887827234,-0.44231142327895295,-0.4711214835277424,-0.6987076917189544,-1.4685563657402896,-2.102977691968993,-0.2780480914501587,-0.5754680261278056,-1.0782013226590093,0.8308349368274206,-0.38588254925540905,-0.12894971168758523,0.577743325865752,0.4395108994917831,1.3255756520003048,0.9960967612480975,0.811442776685987,-1.1241823355191431,7.183464949482538
0.0430835557184126,0.3367709276705739,0.8060154619406634,0.654330332215727,0.6966878598803857,0.8486725346455664,-0.5588805574794582,-1.8257571227020173,-0.8940388688934753,-0.6014995577950152,0.29644140971494115,0.8049152353433677,1.3228789245982047,0.36035463301349585,1.275978091332179,0.8062634301992425,0.8550707131987553,-2.795212677387962,2.439066948721327,1.7830606266888933,-2.6308395574451744,0.4040848661295722,0.9370635270041267,1.4984973509462398,13.633131120924306
0.47051112529833305,0.31812453559666715,0.8570502806211489,0.7658760407753509,0.9886879146362837,0.14079158961420282,-1.3619042295016195,1.6031524258535408,0.08599022000865282,-0.3801909047308185,-1.1110058002204761,0.3548967363124885,0.6597139687277855,0.4058379311208955,-0.4649518180948067,0.8122450971136129,-0.028720573431297313,0.0464104258829953,-0.23912654545661546,0.038127120098821146,-1.0187554520198658,0.20884796393127814,0.5926629736675558,-0.8332745910683336,5.97161668765404
0.15011504912697968,-0.1403880909259085,0.07134438250033032,0.9560546220991895,0.569932716365858,0.03338563750694025,-0.259913246653477,-0.6171411458403326,-0.5991468098978873,-1.0069504993282783,-0.177199423457808,-0.37470006866833955,0.8715106485673354,1.5405455788585491,-0.05273855380271824,0.35955325912939495,0.4246685582864921,-0.8696908733358544,-0.2102970618221893,-0.6148066088619522,-0.09853408979422361,0.13669584377914837,0.23424715507112015,-0.4882041409178807,7.414713018660802
0.26658848937920765,0.37869136066375725,0.19025984394423906,0.673629958716441,0.3522134029978067,0.2903351639226803,1.3671969439913845,0.6383075882682707,-0.7336557758379246,0.021455916033151542,0.3983792933206822,1.651804345936657,-0.173602555170549,1.1680193323571975,1.247461026684133,0.9883516442917126,0.45907273955466116,-0.522319026001656,0.2870994098791111,0.45422220008495334,-0.7775584926420132,-0.5277461654215961,0.6183231140625178,0.28741793716303,9.16296938032586
0.34594662030385237,0.08018646390529799,0.629412096298039,0.7257572992584893,0.5194845872863296,0.8964130899403429,0.1968058813932656,0.10126102183684804,-0.1251372874348969,-0.7398561962793435,1.4902353496804637,0.5662105495099415,-1.7550691179096582,-0.34671640264864106,-1.2080130722201063,0.3881792566543234,0.2609515073820784,-0.9909480638783134,0.19009018316959103,-0.5709786808910692,0.2819171770736256,0.9761323718242508,0.8037568669385613,1.1168319347192814,7.765154009144526
0.012669310919993973,0.02759502147060293,0.6761778521740422,0.8848119564638541,0.3718528587752211,0.36813593751765206,1.067263356050093,1.0907577136488982,-0.2625682166251134,-0.22573442563391374,-0.45100768439155137,0.08133937176795349,-0.10132452859905006,-1.1823992115760937,-0.6205934506256894,0.31966920678444255,0.6423979267507112,0.36785570371917736,-0.2432582129339827,-0.8233896435127681,0.19272113522180734,0.3060192779374887,0.46505304910754686,1.0922522254689524,3.6726384456339862
0.16551863558631874,0.6004269278998062,0.2993682368807703,0.6904185169359056,0.7587644928599933,-0.14665993346709677,-1.0228210025360023,-0.9253693465727333,-0.546584947651443,0.5567277750989368,0.3796307559100653,-0.39596090947066837,0.18405407195306256,-0.8971166791972125,1.1193577492399722,0.9767605879977619,0.8137578120932625,0.7219436325141279,-0.20694407235821943,-0.9486040859212886,0.01737457702842867,-0.861125914864287,0.31699329249687713,1.5896660622828704,7.935141039748035
0.13386265352301208,0.1612823528065996,0.49320063558829563,0.6223462383734856,0.5214182037538204,0.5918552298746609,0.8274742831975876,0.18396065747651322,0.598354079108933,0.9657617118445913,0.5112253486528132,-2.5232626549042427,-0.9062288490154056,-0.11175550773701626,0.8142429403601931,0.8574011021318055,0.5946874441297344,0.7762306749668767,-1.801066177608429,-1.5616260957436008,1.2755204698999483,-0.35780576015539545,0.8524297204657176,-2.050497026066816,12.346171374186298
0.48197210919713107,0.18310680927283243,0.6712949474813136,0.6695813390681715,0.956466415031377,0.5290778099649918,-0.7339789567968712,2.132991800023555,-0.44650204484027983,-0.0886996050815665,1.4397224220018214,-0.013694102509186422,-0.06996348517396919,1.632454141140182,0.30244067181464196,0.9012901463325433,0.5862497918877346,-1.9974821350031255,0.38426466861682523,-0.23627471717473325,-0.6420836960814599,-0.3854619491113158,0.5662224321941542,0.8026113915003561,4.287032903771871
0.15051327460508002,0.2877594253589011,0.2022681530132378,0.6795689592303107,0.22997900050459885,0.052064942010121795,1.1795914099399727,0.09504811185632399,-0.9729400300211152,0.42947247730812105,-0.07401813525365941,0.544138237982727,-1.6275825641997137,0.9884528697951466,1.2954979601837036,0.13973184570541852,-0.19532948152645963,1.878904902825775,-1.6704908226459325,-1.8540376123668503,-0.6546533660899223,0.9577681380541763,0.4469277603962939,-0.6521775819529434,1.0641822435576207
0.40925206678284376,0.18817163950444957,0.4541722984932864,0.7797047008385177,0.860994470568668,0.16664345457705618,0.7446671434953285,-1.3790142724642065,-0.12352037886315738,0.1076448259016003,-0.18666568292425584,0.9428438423448128,-0.6390516587014046,-1.2838585535422502,0.041480970210571455,0.3943489214028467,-1.427351878979034,-0.4685939827276452,1.3333872857528493,2.0774956377207014,0.2561339264408069,-0.021021135470667886,0.24634941351637774,0.6159806415518654,10.042750328812062
0.4507277622228164,0.04640602125344524,0.37854979727105864,1.051938046819499,0.49799514095608566,0.8769991913197728,-0.7701183024274191,0.11585947354735536,-0.9697064259545003,-0.1588938634034895,0.09186518000749024,0.11817324496209466,0.7956815192037435,-0.7049070111614936,0.7073696346814567,0.32097410269747106,2.14265638155955,-1.1022626764622436,1.387127731506596,-0.4038483325208423,-2.0945206530270175,1.309553189576159,0.8950712092198108,-0.11718845805088085,7.934854121477475
0.193943016226736,0.6850467048361322,0.4001636541141482,0.6833051238824454,0.24070416540069717,0.39478653084767806,0.5302548698681678,1.797307948884102,0.7105215557381448,0.48203772173946186,0.19083871216777543,0.5622745572528423,-0.8301359473245722,-1.4838285451440683,1.0620118820811808,0.8218955808409619,1.403584480927528,1.3085248212049503,-0.9427421162529424,-0.5790743759141381,0.28914902233168044,-0.5056434617866505,0.22192545816901432,-0.47581363673821664,7.36916686313032
-0.173560119865738,0.3699147594457448,0.4040468400792986,1.0981164651601771,0.37706890692358397,0.24519121931380702,0.26422341201799987,-0.6461142484568257,1.6589839114891818,-1.1985533241725799,0.21030998906488127,-0.28537396876995613,-0.7198008205905838,-0.4144074646061834,-0.05829921868516474,0.4523157635010322,-0.7800951285176795,-0.42705358068227284,1.6714142231214872,-2.1404783269426737,0.10589990978354348,-0.026441778977800895,0.20886873528193195,-0.5785975189020559,6.800541111683199
0.19779184175172604,-0.030232224324513862,0.892450187854502,0.7157351143631309,0.8325648656892618,0.4234956349062702,0.5939182422071604,1.064297464785361,-1.4485077376423585,-0.6338952985678165,1.6942849560526017,-1.7703911661304084,0.8050693330653556,-0.24260472471832625,0.6555852851889912,0.6234261277659903,1.0587981615951663,-0.08605128683405766,-0.8764712567747702,-0.5186599191302622,0.45691419681900114,-0.8675168047608253,0.6253161903202518,0.43375873661725495,10.296193507696087
-0.06373571195049657,0.5167533751392228,0.1669718679015296,1.0273465616376507,0.02713391299968526,0.23567650480585633,-0.8089783280991785,0.9225096550603983,0.4529023233556121,-1.2412318639985946,-1.0753543627806288,-1.6709852966295626,0.3813183908927775,0.9232344277024929,-0.12883346281202285,0.05023771047695058,-1.080746567790544,0.6825093162242979,-1.0530319828935684,-1.7257026342597848,-1.361902166255189,-0.0012084193547388738,0.3854177118185379,-0.8670801825575208,0.30540636848393776
0.08973324139479888,0.17432945804844588,0.1767635370500149,1.0315769364176772,0.2743042756947076,0.6101350949992245,0.8827728640296618,-0.33363056346513625,0.9334225159222194,-0.4534792551779714,-1.326802759026497,1.2064125960371668,-1.3498295989697287,-0.19569981787591162,-0.6241116785373007,0.3745587796044566,0.0617955923253162,-0.3297642241589619,0.8169368329883928,0.40995612248256913,0.7481827784920452,0.14028161409231976,0.8451730967452138,-0.014761544478509402,5.554901990580152
0.3014728615463883,0.28414525673517854,0.9906962527150917,0.9751610464289147,0.9648007812671417,0.29591924924298557,-0.6883285303416613,-1.8832625212617011,1.4410251869442836,-1.0640946399408906,-0.5757693881369808,-0.36908822246731404,0.8653889760744814,0.5016598328257846,-0.23533043841482323,0.6013559756389657,0.2465860105937139,2.296154185056833,1.017789701853845,2.7429882617826515,-1.9827573767586666,-0.5528267183856148,0.7535186418962637,-0.7327301136173077,10.969789547071846
0.024692144227076662,0.004550492129230324,-0.23077358011964666,1.1232339296054745,0.26088301810527104,0.14204775210756115,0.829191592378265,0.47857871118741935,0.5479227704480741,0.2735220407607264,-0.18035152514830033,-1.0452763840514154,-1.2797505799729076,-0.85186285017537,1.4940046596813092,0.04362509383398738,-0.26476137145964906,-0.7307307407221013,-0.7894991095539184,-1.1539394354772563,-1.0472846516600869,1.164010427387671,0.06434837396343707,1.733357017896514,4.153316719120514
0.1406801438242238,0.27588491018371875,0.6798786387679783,0.9746557405803762,0.41529180421972056,0.7189356055343726,0.4003904059893224,0.18455576275096042,-1.7998655072115883,1.1726199272318134,-0.43528155608913927,-0.0916810993610268,1.825135659668713,0.9245688961499342,-1.2789705979405999,0.44117234491336,-1.9231604049226019,-0.6682244763409099,0.22277917722568155,1.3245685629408106,-0.7602979553256073,-0.9602867920335129,0.44426656389299635,-1.2806837748507267,5.505403319084366
0.18677236181085977,-0.0948761969605707,0.44078531855080216,0.7581867131780338,0.1474821972599798,0.28209286701616576,0.4074021920828443,0.22404920651916918,-1.3418453599907454,0.4315418204116134,0.4613496530373873,-0.4444190756561928,1.8670601567355554,0.04358047122155523,0.3278250042778496,0.5992917684458132,-1.0953772876184336,-1.1323948348644846,0.13113201465159874,-0.3316348272160364,0.8184400282719212,-0.7569716980533184,0.7522286687600923,-0.12768753164405863,4.01353521008192
0.5520197110520435,0.34667394008269764,0.4075781985595956,0.15096198194108051,0.5636892093225342,0.02223664276881661,2.1146327212210294,1.6246701554905312,0.036134111028754405,-1.2932930966325615,-1.7232318518071519,1.8480593086324644,-1.2013693325923127,-0.12604885976396812,-0.24896134189241143,0.9124349039118083,-0.3213690628690517,0.9264726652580527,0.011655686159799818,0.21984908240178713,-2.3794353185314705,-0.1532908140069239,0.09004617996497943,1.9025163744312779,13.351111251211872
0.4183457789881338,0.2898397555575145,0.3220867076136563,1.2081856321591093,0.499103391292955,0.41554173334971684,0.2525520247492256,1.0449028449134636,0.0040858327399126565,-1.0179980585572732,2.929670100440007,0.08233315096183433,-0.6914155867591584,0.21630724446916788,-0.9963512493092705,0.06908596328815331,0.4392389474034925,-1.340649304127764,-1.4625273739045124,0.04536851773844429,-0.03303026089335678,-0.5848351062574837,0.3267951697207635,0.8785033994596717,1.6811347285789373
0.3147514690438959,0.5257275685297773,0.04932566966134391,0.8071913373735381,0.12078883035068944,0.5565963388363876,0.7517853778089367,0.8698221533022733,0.26574877856170287,2.123142894061815,-1.1826406914243663,-0.08343470600116464,-1.5356548535811363,-0.8346709663470563,-0.4398174087001539,0.563457173331292,-0.8832634681886216,-0.21776776412201085,0.022235972529448502,0.36282221972343837,-1.3847939054906364,-0.7532300548831208,0.5318454811578045,-0.1936878362982372,2.1421753822327134
0.29490765575282235,-0.0975798431020875,0.8187079467481906,0.6212742967091502,0.8116538336168081,0.6922891131146558,0.29860019853583236,-0.20224199862087988,-0.7746610536853871,-1.2998768288325784,1.2328582105614496,-1.6541549849885142,-1.66291186794353,-0.26790959812044973,-0.5604833833908501,0.959175564860206,0.4999255877414118,0.7025196556996592,-0.31894822603677053,-0.034073143328473374,0.369475440631266,-0.30541958540917213,0.7341739178958994,-0.5481867041787258,7.506780380784708
0.3825264918851398,0.07221573122812466,0.07665626407393855,1.222641590623192,0.003489188816085953,0.48190132287899556,0.16298726022792548,0.5669884013672571,0.2700282374354306,-1.1154796700980687,0.7070407916094954,0.2832607737733425,-1.6135014783185553,0.11469657284488356,-1.212410796379393,0.10195962324110397,0.24819568423308316,-0.4625069929214267,0.7346039315429684,0.4803621390212959,0.5966864236472387,-0.41419634749723533,0.491223138636813,-0.8440278247112626,0.012717079788800286
-0.1610042987544307,0.12588549945089686,0.22244208370658722,0.798964245537456,0.02735467490829746,0.5925017887826763,-2.556581514585572,-1.2858703059122096,-1.181846142322319,-0.5310750934213352,0.8372745055309361,-0.5266811396858261,1.550084018743082,-0.029084000397255658,-1.2624229904425752,0.3575145619175878,0.7644140699767727,1.713295527796606,0.18671038512151902,0.46777205667234495,1.4295273576306973,-0.3419611049266155,0.6620848636918542,-0.09196168140283015,0.8326198942546467
0.42334297828345097,0.6283120504391445,0.8216573881513487,0.6840318001041502,0.7512360365646015,0.27861752265092543,-0.828527932453541,-1.462465918943227,0.34861735855539105,0.07193608462002461,-0.15581866671611405,0.7519027142915812,0.3658672895561745,0.791413439937134,-1.6137811850663466,0.9080513895220841,0.8944225892986452,-1.3064600040079284,-1.778250133880497,0.49915652440568636,0.9959061465644679,0.35410643276008225,0.587085500246481,-2.0205154001321275,8.558386706879405
0.05873279479643076,-0.11324191783070445,0.3368787228378255,0.962460859757476,0.6255637971904056,0.2970265511962369,-2.6082343412821265,-0.8595862012034596,0.9580343453471826,0.5223466461075774,-0.412795704078461,0.7613330507858117,0.5025934472319012,-1.889853148781212,-0.10637623543531885,0.12177000320289366,-1.47042564734903,0.21731718709620174,-1.5549184060373333,-0.27378624612054153,1.7546969373508938,-0.5760254417165926,0.5124576203215533,-1.3968330371791913,2.3734324015538175
0.23947479142338413,0.3678578706756724,0.030982114500865576,0.8966374081945516,0.3285838227143536,0.21717077891515163,0.09980884818386544,1.0948161438852473,-0.7136824801269822,-0.3049360457358399,0.35993615740145385,0.6449123314263565,0.8924248512808793,0.4656449802077881,0.313756952019,0.8319064866432787,-0.7279528830951856,0.962474329673391,0.4486516260701991,-1.4581748265324002,-1.2101280072411345,0.27747558182137494,0.2676599936293277,-0.8611998966652792,8.649951051668083
0.5626398475910063,0.05921558130104826,1.164533104129415,0.9447971140937262,0.9678139294213719,0.35905252855235514,-0.5988291720661979,-0.010084626810205643,-0.9268739060628259,-0.4134508213020557,0.9818661953998165,-3.3042421301639617,-0.33776546195127843,-0.12339102301125944,1.0383214239472358,0.5557934086960432,-0.03761277963071799,0.037682822138431736,0.12391234561659052,0.6531582930662219,1.5149428405970313,1.2302264126802964,0.5420582331871232,0.9293599367915429,9.964560432473535
0.085728221713212,0.33050309261306243,0.156368253158434,0.18205419091097103,0.2801606468219958,-0.18120871995614798,0.18964915005395236,-1.238650171872248,0.17054941966018822,-0.11934941085039254,0.4644944334231597,-1.4420614743580804,-0.4242649733173286,0.21540346053332732,-0.7520362185107916,0.9102992100767111,1.3013477695401132,0.6500275335957304,-0.3722197302256062,0.49640693262419794,-1.6385847398866857,0.5323235621607143,0.042178069686360065,0.29447693493254146,11.373937564383763
0.33935191519827035,0.23781442813653092,0.2946337868201995,0.6646238697482489,0.185368720369381,0.6878042939948765,-0.40856909655418105,0.8230940107255578,-0.7824066284988246,-0.016828266822550154,-1.7262509168049873,-0.9294996307217063,1.0016697077812813,-1.123597855044635,0.31812141862569215,0.6372264434753369,0.23664385092966225,0.28142591677965295,-0.14706903274995553,1.2095486348999787,-0.8377965423058242,1.7257045695798834,0.7272674325719146,1.8067433057741793,4.659331128542599
0.23063175887617765,0.590575102245709,0.28832878711041526,0.653996367155835,0.26721332761283734,0.17267497733772436,-1.9225668822577937,-0.5210477803834651,0.08322731139718621,-0.2938881151115926,-0.3274753424995504,0.6964671969045618,0.2353761352612253,1.0357296704496484,-0.6759296566334336,0.7142653389842203,0.5889801936439354,-0.1765407125678659,0.8784372904482205,-0.09751420463206856,1.210630562564301,-0.7551173328474258,0.2806182201965358,0.1614654361189011,6.605757945318624
0.39317209916282686,0.253700192162568,0.3321539228218564,0.6222854850867181,0.22251850796538708,-0.028147017095155515,1.072906268189646,0.009178610967245399,0.7735408402845458,0.4629316079178083,1.0090746487004403,0.2723520162857729,0.3503386909355437,-0.26307948328735153,0.6581124845639977,0.1676086819819833,0.28924841805944324,-0.7773240153791798,-0.18728647729761716,0.13525340337481856,-0.48836968664483804,-1.070315013972942,0.09420595366731255,-0.41407875897825175,4.46238652433402
0.18648024819014247,0.24332196486554264,0.11682656166769695,0.7169380569932724,0.22616412132417085,0.40599266947138324,1.679478436596056,-0.0975476988098567,0.6893090848784185,-1.474551942659217,-1.3495156947253462,1.725195453972577,2.202583543728016,-1.1372725086554099,0.32997338015582534,0.38371104372921694,-0.9349524362655758,-1.429134552706564,-1.9327173118174847,-0.3311013290107217,0.28976601572306265,-1.144562026119873,0.7003663067836542,1.2787744945216077,3.495611045107205
0.3516678310529587,-0.3285238643908442,0.4273051684179874,1.4415994477089944,0.27776480986411545,0.11802027578792773,-0.7997559203867675,0.16416390314524046,-0.7614812034308217,-2.7291870929138855,-0.14813077151775017,0.4570353766528352,2.0935451020108498,1.0210085576836543,0.5262239445049354,0.02333594455566912,0.42988824376450147,-1.3747678860731636,-0.49612883647050043,1.5294653126018776,-2.2910184719138096,-1.8423540187383267,0.24271989103780156,-0.9731067026806302,1.5274820422503839
0.0905264031482608,-0.2399885703450212,0.3388191211445299,0.9789245285064158,0.26885334680384065,-0.14788181925692323,0.48973220110724436,1.2948473898417214,-0.9669421451461755,-0.13667134305577902,-0.010237364948033472,0.2826791362094622,-0.14819776590700443,0.8326557321293949,-0.4322415670179243,0.3123923932745347,-1.0002892448800227,0.8895958018693484,-0.4412034769738293,-2.1286961436470166,-1.561565626563256,-0.6035382562349868,0.07219763571835702,0.596138292985175,6.268340506571414
0.444714170434387,0.20878915285453747,0.5986657952342381,0.8995715973911972,0.5849009039660182,0.5884320053698033,0.8395234787452357,-0.2814102255704236,1.1205450502732814,-0.8878644077736776,1.5877064502067286,0.41206084361201806,-0.5224294332599096,1.8029794870876947,-1.4450271401473915,0.21183851888937832,-0.7718303729119824,-1.0121102879934127,-0.3961068099207556,-0.5811578024314397,-0.9875167808283302,0.561620679257394,0.603643544723111,0.4526202821552929,4.009856232852593
-0.011414993004543406,-0.11051162155841468,0.10450182832646307,0.514618289688497,0.29461308913811834,-0.02985537436621849,-0.597144382745069,0.5121260823889432,-1.0098514543409165,1.7346976701291108,0.5157025293032285,-0.9034259273957123,-0.6106452071558753,0.20309452999810526,-1.386053710132239,0.23448151001000062,0.804577542226904,-0.6683456597450237,0.22052928222546395,-1.5557334329900405,0.31974163241110914,-0.6918335181753127,0.3731884447783079,2.2879823404309616,2.474880727532536
0.26260204685796595,0.30247634491984143,0.575418857547003,1.1589749407472825,0.3726168997147835,0.2778611490025703,2.1029827602369413,-1.0957969603028639,-0.7382608885583142,-0.14488235236349326,-0.3884454641377992,-0.017263657839990492,-0.10676849833745641,-1.7144433784189945,0.8750354595110678,0.18040161017279954,0.005011903671783341,-1.232106466838995,0.15161000741270583,1.261973883268255,-0.8953959387331083,-0.49703702407384387,0.38943857736154663,-0.23789602297648496,2.340615085421028
0.4194090258111174,0.28882056710137904,0.6067306747972466,1.0379577974030971,0.8752449888293117,0.20666058845735122,-0.20654264602776254,0.5002766032677834,-0.7307319758534053,0.5599224166011676,0.5362993845975054,-0.905100492188298,-0.6843358002931776,0.7942208505054749,0.19739415109146796,0.23281794092393582,0.023474859369739292,0.4239580701843702,-0.9823395749148939,0.29344169933876546,-1.6701343923601288,1.236014656619097,0.6208224449598329,-0.5580731862998046,6.265286618741453
0.29370584482018214,0.12061032553203652,0.7081703395614757,0.8945926475536937,0.5911170115516216,-0.004135605982662452,-1.199182834081764,0.6968810094106104,-0.5954598331649185,-1.9038948811938585,-0.6317796708304299,-1.0803395029897118,-1.789981523342428,-0.5731862562622264,0.052566283354452764,0.09473372083730958,-1.061315435872697,0.016702775883014477,1.9645759715210023,-1.3751569719001961,-2.3695291962960146,1.6931728112550988,0.32365120252319224,0.03949706921715239,2.3721687784949004
0.2481059451500377,0.16908211569397724,0.4465966916433893,0.9515186732985657,0.49800168088300123,0.7009626694619912,-0.9812377301946333,0.5946123710324539,0.6717637923596552,-1.097156236598623,0.7114821952282647,-0.1248829698699283,0.15478791759614288,0.38119380000715625,-0.9404563243906344,0.26848124632100345,-1.288970694926674,0.1383393039856261,-0.6008773823634631,0.02086193262669032,-3.9234039403020895,0.4451359756444943,0.9446517755892114,0.891960087165435,8.032309000443957
0.31443615821878923,0.1988700485152209,0.6822646665109011,0.8171828591819525,0.984743774111246,-0.10523236726887486,-0.521759286306235,-0.030629660816718186,0.9196209130554576,1.0834599836912964,-1.2128424905813162,-0.2421075733422558,0.5019510884121217,0.6259435021689372,1.2114121161668487,0.32970349283652,-0.40675864770754877,-2.4902150864294508,1.486456819334173,-0.014562576117083153,-0.510543880796353,-0.8362562716317808,0.13909122671485086,-0.7602213528723445,11.1261399603369
0.3622039039240371,0.17877498506019296,0.1684247096894666,0.2778008333023424,0.35684591003992083,0.8217408958691685,-0.297686854874701,0.6640703430897784,-0.14788992679793306,-0.18570635261434373,1.0991886590927473,-0.4908266981364084,-0.40983391100739647,-1.0294652609997004,-2.737076172965591,0.8401675379140645,-0.7677982373885507,0.9487547622865607,0.21331147809664036,-0.8743138400665574,-1.740835989326543,0.50077877762718,0.9978590230128956,1.132165525868809,13.043938595078956
0.347235130057928,0.5118797025815283,0.8187367338245437,0.615535104089326,0.865780211603423,0.037633582305840144,-0.9885747197135293,0.8660526491959671,1.133568865319316,-1.5202849855843101,1.1526615847467174,0.4322908669490478,0.20661949924749795,0.5030578436645997,0.5426251943670419,0.967612084573065,-1.8732995371136285,-1.2185283566814096,0.1148670686243005,0.5455721028607681,0.4226919007269661,0.7515394100990304,0.30668134938203195,1.4769549470679757,5.627091156444397
-0.12037989619744817,0.024415983999937097,0.3510455758016877,0.9079957109328679,0.2543808372505787,-0.08001819757443375,-0.1570422675616149,-1.3863591344982302,0.16172093757906755,-0.44593662514427873,-0.2396675519762675,1.145219249099723,0.474698955480351,0.36750446942501086,-0.6394697586640699,0.15164907024949836,-0.7766120839743531,0.559477087764679,-0.27634841110411534,0.5873418698228201,0.3238065592488426,-1.559548214231176,0.2728339600620261,-1.5853645311731355,2.2410438713282006
0.23211809926946003,0.24947547828511377,0.16921802627496624,0.9655453757272657,0.3115166025165277,0.5525500561843414,-0.5073732711137926,-0.2319034222154548,-1.7978679637214532,-1.155371853013269,-0.3422862519269653,0.13171984327575148,-1.6136025443449933,2.1127455157775947,-1.53421624791506,0.28247710096755096,-0.036607982074057015,-1.2641251376799805,2.1884974885124047,-0.8431093195374165,-0.39425461250221827,-0.7914638681106893,0.7862034372781673,-0.879792339434298,4.3676558850971015
0.21039835847687047,0.09740442946803152,0.12092368352465716,0.9374913505045666,0.16146673045494309,1.0444996869961254,-0.4742733412296088,-0.3904789143047999,-0.8765467221966093,-0.2660573071794697,-1.1397529196698497,-1.343472899326728,1.1102559141572883,-0.2148631897308305,0.727823996387633,0.9170250484282482,0.1694174950904812,-1.0378703072636595,-1.7496551614107063,-2.2426578684601672,-1.6636313206158297,-0.8294661132429005,0.9834171083259851,-0.027097237929955907,9.1596126667293
-0.3526282403509135,-0.16719534213503726,0.11248889937480631,1.0016003535926847,0.17290822354743152,1.2799311424495143,-0.223467260059723,0.2577981834909062,-0.2565013357627883,-1.797954566508422,2.1746466160959375,2.3385709348022408,0.3652853496489342,0.5760140306362369,-1.3670825947989398,0.13601905932996838,-0.8264031040288423,0.3938903973791188,-1.9704733740581692,1.0353072765387121,-0.8238865565126604,-0.23186191395359776,0.9177645066133563,0.24906102659276108,4.228736902067805
0.22824278201235887,0.3190957760063956,0.47638530923680106,0.5674725511293368,0.5277967006151585,0.7114309674577569,0.28599436963544145,-0.9137948159986498,0.5482356171415763,0.48572828562528414,2.1347043932406367,0.7465948742288234,-1.514388295252606,-0.20751598840379182,0.7395486005410633,0.701306060255468,0.3755398384947104,-1.0754742880044537,1.3338728376083109,0.07213915470540162,-0.4838595228274297,0.615366300515059,0.7906426180373748,-2.24635580428884,10.868842299694958
0.09809441009802036,0.2586273402259446,0.4850754845835019,0.8866987987093671,0.3013835634090417,0.09258689683534824,-1.656425276969289,0.5226822587961819,0.37019553325964877,0.27303319329237075,-1.1746426388871456,0.8108402499786325,-0.7699604369233949,-0.647017931610962,0.41666993031327865,0.627542974146953,-0.32860802419371143,-1.6752681112324121,0.018977890770114834,0.37067747571066784,-0.07432376574661237,-1.5954736359358592,0.29356041063989136,0.332615584526537,6.450582863141877
0.19652329750051983,0.11988725666950968,0.021977293821201727,0.9720966071371275,0.39591381293536454,-0.03469020640024178,0.5251116435174229,3.0454019959486485,0.024184716282454163,-1.7749516138067858,-0.20608815871864816,-1.498362313154533,-1.0009615297452494,-0.8685495686309304,1.3992916532347677,0.41238400721535473,0.1787580805084289,-0.9039959267957063,-0.45912666704796584,0.0056650280326602425,-0.09968044928817862,-0.015347856299534349,0.03854311074060701,0.3376903153367904,9.166112835457927
0.1351925951831085,0.11865834951654919,0.5921694069546383,1.2796539134366804,0.49502551102415926,0.25655933641004286,0.030168336319019596,-0.46485178514484393,0.38648487676467475,0.5050636019094926,0.8147789517981912,-0.7366885333313061,0.3054428372126076,-0.20966231521779552,0.7595048322215796,0.21894671788407993,1.5633227215979513,0.2829521536394079,-0.1695820033039824,-1.3054708860461641,-0.8022793061373427,-0.38712955790531534,0.7696429233302791,-1.795725896679239,4.793721357971338
0.1363345306838048,0.09418610432147108,0.7122413659257631,0.8805735309606941,0.2797558966881448,-0.031539755962922994,-0.9770706253110887,-0.5216828631231216,-0.2051943000296582,1.0067418837086213,0.020658670955483297,-1.0167716603775008,-1.9579692859502817,-0.40876039355130867,1.8062224568409373,0.5034403835747754,-1.230379706430615,-0.5267886562530181,0.14668641421578868,1.8079008267204066,-0.7997154315962556,0.6479446144887696,0.4100444193875744,0.9384011223770519,4.443507824027597
0.2212328841012947,0.20030761744484896,0.8610736307869006,0.9997028213155605,0.8375565628179381,-0.11305031160925777,0.6179428658699345,1.5993810440407845,-1.1987651812108737,-0.12061286952203548,-0.09735385366647563,1.6607527947803513,0.894611049925263,-2.5963920052653635,2.0649975648472063,0.6210113050624152,0.2635772662987635,-0.4182714264557196,-0.4388804254981975,2.2695498307643347,-2.5308434165919054,-0.3877145554771743,0.15128004159511377,0.4661211195698961,12.412118040869597
-0.07520206556960393,-0.024735869105283817,-0.050729559015039824,1.1802316263679322,0.037172963270297954,0.657714653802917,-0.007786567984005387,-0.15771770127068763,-0.7197754649556314,0.8502571676631727,-0.8531443663689119,-0.9985632439704034,-0.18788667403374515,1.4101291041459365,-0.7027946738628441,0.3247853731593814,0.0011260844574605719,0.014243636889250634,1.2115354364639863,-1.17857138376556,0.12937036466996413,0.29327931532410395,0.7288430254465452,-0.06868580331974165,1.42658352531468
0.30903093823505656,0.08810035340640884,0.14008528345699836,0.9720837637172586,0.2716187642666825,0.022286590764721316,3.1098452477381966,-0.049164340491083314,0.35399998533026344,1.8042388170328176,-1.7544469616093086,0.821038708120968,0.5557244892284857,0.67687317417063,1.0367165116427481,0.15480013774967916,-1.0669512097826659,-0.5727024237110022,-0.5848220888270536,1.4885205833899928,-2.3003096300903523,-1.379525828495104,0.14124667027866367,-1.147986009213382,3.8911745542324505
0.010816887618084664,0.4821672560573008,0.6785393045958711,0.7995255781687376,0.7327507760077352,0.5901451925212586,1.9799213156792663,-2.579935642120712,-0.01276999452556877,1.051739215513453,0.2613429084666466,-0.6700302644948276,0.27722163669780464,-1.672500167880509,0.5264633381359473,0.7208762234282493,-1.648005614214405,0.4821694189504085,0.2933053224822927,0.8635970733274168,0.39302105210687194,-0.37850009291905956,0.5953374813600598,0.64069972199113,10.142503969331363
0.061132882205547974,0.2282040200930784,0.31864685317427843,1.0791778872967197,0.1201258640065419,0.10237936830205474,1.3724502667189553,-0.6864690260904961,-0.042106470772734,-0.02115319734597224,-1.7332687352618392,1.5302940975674346,0.9687692098078248,1.503200405485371,0.16877685185421207,0.16496416091602706,1.41160668851238,-0.034076716990360766,0.2966643644212191,1.5570290882547428,-0.0006491309564441108,0.5010780797642351,0.48813057787063296,-0.11551211843510838,0.6249681277502057
-0.0010050966836068487,0.16652842627404946,0.3084393206055614,0.71404656768035,0.308793601532909,0.17973752459869702,-0.6998592736532812,-0.5629194975474215,-0.23957091812833226,0.30839804477934435,-0.2749108118510654,-0.2709313251641761,1.9945894746752135,-0.7885588073674503,1.1822900728511108,0.4774768340201857,-0.8376500309198961,-0.27844760533558527,-1.7633613693236225,-1.0046599854768288,1.1068011050654272,-0.7553445375608991,0.676920515504386,-0.3087357469724212,5.094167669910981
0.26421782449593917,0.06318500583429852,0.44419480793671084,1.218658641100779,0.39239740903602327,1.09319556977901,1.321778259894923,0.48185156002124113,0.8488321316712184,2.281414532389429,-1.2555082063092609,-0.9022011883951363,1.0436063021476505,1.4387351723456756,-1.283124983136276,0.007040815546743184,-0.11042762783650137,0.0989264087408804,-0.638023324489259,0.5613424010729424,-0.9572743623062134,0.7978991956153471,0.9688296183992362,0.05476297306238962,4.482818984002966
-0.13032001131082177,0.2271625427672852,0.23420957843929144,0.5704135418134466,0.04500512772869847,0.1628571467701262,-0.013186675284659726,1.1137238253786146,-2.224936063155127,-0.026661093251734113,0.5048688817160193,1.219419115396791,0.7103659600237552,-1.0332149012268022,-1.7336438804992282,0.728345477856143,-1.5577383456551814,0.5653678107461376,-0.4182707883019178,-0.9097379175142158,0.6324840447112726,-0.20217423107305788,0.09180774851490303,0.3196369605853473,4.360390634442124
0.006204325639940722,-0.059388815004562,0.4552870924603958,0.8187063121228264,0.33588724194281694,0.26473548751233944,1.2392922883638626,-0.873708776799244,-0.4089997019144609,0.7203042210597108,-0.9284643128142018,-0.27020033569897106,-0.5220019608820061,-0.8513315853613184,0.12385638333506868,0.4887157328528171,0.5801588537680333,-0.08806500552405634,-1.5400336287583574,-1.2209402821879056,0.243517673204745,0.1525961928783342,0.5667430560739252,-0.920365004396772,5.02055858862349
0.3930062238886852,0.1636518348855574,0.34823248548592256,0.9849121547870416,0.12692971311265977,0.7665357985944337,-2.2294180441948814,1.914926464241569,0.28444342973670705,0.45802019607229005,2.5689162262840264,1.921415854680877,-0.12218239641930159,0.07617558298306518,-0.7244893447516328,0.36385783185120124,0.7516160866791148,0.05689613789631491,0.13246265161215182,-0.3587318469045395,0.5663588399422294,-1.5163958131189936,0.7769580877492818,-0.3385856464371301,2.9799550152194967
0.18307154252742364,0.01593861679869855,0.39879779951906774,0.6474848173304188,0.3777713228402645,0.7412424238182754,0.4809479157963876,-1.101381299423222,1.902016383643397,1.1574452668592805,0.3853474493543055,0.3735194458435099,0.5775734695030386,1.406244329743312,-0.9256564398842931,0.11568439726131485,-0.046418712671290295,-0.9446156520078081,-0.008116401182031788,-0.5063376590766688,-0.09059373492561182,-0.16122517004099643,0.8679843799217933,-0.6764053814339989,4.076887446357424
0.254553065065099,-0.1912603477963052,0.04865968780595242,0.8429597205643692,0.3575502266004629,0.4293818772474923,-0.8271023898110695,0.2654945527412356,1.341288966655143,0.37000159873488603,-0.35514095975607335,-0.7165229527023987,0.7441347082219835,-0.5617958546342662,1.2103415480766069,0.4244845402810088,-0.20477834771540765,-0.03997382835045424,-0.24460156490815788,-0.6463182916298222,-1.399403871365397,-0.31220499599260887,0.6141067052186857,-2.503233228142075,4.849913655575062
0.4279941500065056,-0.11173663994930548,0.8604470172956232,1.335090220318874,0.6528597991418665,0.5764508533017725,0.612276598911964,0.499186066756598,-0.21229997501242406,-0.3033871367769523,0.4746445057538384,0.8699633596928991,1.713962139144177,0.8216361892307912,-0.5882935684114724,0.19612740205529489,0.4323911038478996,-1.7196287269753616,0.05164863618017577,1.179957761477549,0.023351388994110194,-2.0231414327200112,0.6854560515144262,0.050759061810063934,4.602878829947207
0.09010718891189567,0.14172952516249532,0.7593238879260877,0.9562790171064318,0.4986136956701035,0.298415929574534,-0.24681689657163416,1.0868800500273732,1.9847710561712504,-1.1444273883908527,-0.16942939892511716,-0.9154272089781371,-0.3121074476348197,0.6816601670221438,-0.800212708022856,0.322911760717822,-1.5698091401768035,-0.8307851739891674,-0.7261819035789722,0.5799266883829145,-0.6100867928016734,0.4877980721407864,0.44519973576747296,1.250570636674381,4.905330366083794
0.5671536886268058,0.08900970756502984,0.6390887291644082,0.7029495684026006,0.7879524911978981,0.33988912190329623,1.706981045454821,-0.38589310569917534,1.2912406919484323,0.553660555634935,1.1013217496544787,-0.06921542966560783,-0.5119995769228259,1.3639012587868065,1.982291330839402,0.09649057627147728,-2.2638574986976283,0.33797885447423887,1.0762348839690286,-0.005925277693216913,-0.023672814785969665,1.7112247716596993,0.5274254636433421,1.2098779487349605,2.380948515428242
0.392998553066798,0.40260078325554194,0.37182089905854077,0.7931545992428481,0.234737749536989,0.8664643940459699,-0.9316120655224266,0.8195499364708895,0.8932227430669001,-0.5267930570406837,0.46768951704851747,-1.058309781920894,-0.9890722882457036,0.9795250309141749,-0.29749534297283603,0.56647616479925,2.9151112277428703,-2.3223447285915686,0.8488072455710146,0.3074182870569698,0.20084008810666037,-0.05347851770067867,0.9877663463562155,-1.7181220262363273,8.815352242765544
0.18704552211884765,0.10276771765387623,0.11974118333646616,1.2785205538150752,0.020141610407328092,0.462818120069253,-0.5166346425264617,-1.0559381077546848,-0.014421825981242704,0.8015609637988036,-1.4982265466205473,-0.050292800752843834,-0.4536661731496468,0.7705002330804445,0.9873151252451042,0.5229986600435355,-1.1708149579244578,-0.29146184493019317,-0.2716109090861005,0.9515849434930025,0.5759787125066235,-0.6427119458125633,0.6785647823942531,-1.161627221113717,0.9685837048483619
-0.08454048270590882,0.5794606620641899,-0.11976781848552323,0.8920936089259879,0.047036271894318915,-0.13555277661972917,0.5710802032339684,1.902944570016992,0.4570459029392454,2.5534324031500226,-1.3512317051355174,-0.7144355308259954,-0.09340587728175784,0.7403046292822266,-1.5593880399676796,0.6705981405280994,-1.6008735631733126,-0.14487392053354167,0.45533620754471876,0.8133916074087237,-0.8735638219337926,1.6491306406790767,0.10514926347490228,-0.5843802988829208,4.107455994995375
0.37672047027222794,0.40466400666076685,0.5695581288853993,0.9008171865462578,0.5451954509574388,0.6306088837021837,-0.8107249816647274,0.7441410554168861,1.4973284958933453,0.6319750666908663,1.9457687826905663,0.4155398935359901,0.32586084368577733,-0.030956838626263847,-0.30491172665809735,0.6237982640320558,0.876863146406789,0.07355156462836623,0.5220551918584251,-1.017002488609224,1.3548332278084743,0.08379406211147054,0.6972464978337568,-0.68472206668783,9.542582083376338
0.18157246549446815,0.09982619441528065,0.7127142369716067,1.3445746267865661,0.8403280251161671,0.9601199396897744,1.2241226422782943,0.06110051020688291,0.4552596532615804,-1.1668292300391838,-3.1996893079033186,-0.3926305653496852,-0.4118358675343838,-1.527375795020984,0.046178899339746296,0.17015583222551223,-0.34661070642657255,0.1116479611239973,0.26297102681540024,-0.058178496658243525,0.9313049400126957,-0.80521220874065,0.7771197018507907,0.13026658948702194,5.878411109216303
0.19942823671610216,0.09121963799099875,0.4236047254662896,0.9334304312974679,0.20390458395955458,1.047800695095318,0.2902043904337877,0.1274549583380641,-0.2592242627795587,0.570330518447665,-0.3757785968884043,0.6578297646937404,-0.3458904999940394,0.6673829747491253,0.07614216460077385,0.8116117586029328,-0.055818337832462615,0.7927718326940955,-0.979418341472664,-0.4308764986146147,0.8057066960543123,0.48463685810740703,0.9389875245874195,-0.4713539323495682,8.822190311730367
0.4377852247838744,0.03179003558440521,0.7064977023126522,0.9707774459607105,0.8870197949552316,0.01325568139168187,-2.4772417478415103,0.9417763082747638,-0.26960867856140425,0.007302259048260551,-1.8513164345948967,0.375841279783452,0.7728002112967668,-0.19443643471242086,0.19863248964483302,0.2867696112583963,-2.4184593207005602,-0.6870481985375947,0.3058052229371396,0.8276645558199727,0.2658517717439832,-0.6673389447998909,0.08405279647981112,-0.9695395657418076,10.627723963329677
-0.08921139839193504,0.14564314868518705,-0.017060694427293882,0.8630965342686204,0.13109870962765313,0.4983204863593498,0.3944343718601309,-0.1779725673693205,0.4104449092923639,-0.36704887267165087,1.1512509550895444,-1.4888946936566894,0.2998144081854359,1.0461609536930403,0.09403477635791288,0.34713182466523373,-1.4056508337940237,0.4727758846215792,-0.8266375983392701,0.05318392653963219,-0.06322640634328208,-2.028074044909501,0.6104551544435279,1.5457866920135905,1.6688340302815408
0.018698052576263835,-0.13475765201790124,0.8834463906481054,1.0820947416216773,0.6183082346609261,0.04785649930442243,0.32058891824775987,-0.5703767020252887,1.3303949427387047,0.10231956792528246,-2.124905986246709,0.009454525187908933,0.664656093592941,0.9736868737053088,2.140068143190983,0.2288689524390387,-0.15651710033967337,-0.9783138851756036,0.034759111529646385,0.8190466537770399,-0.03547715214202217,-0.30618860364699974,0.28155082147217914,-0.9874927787365604,5.255113135724613
0.26172843539092516,0.1715205366555977,0.730698531214483,0.7634907140592603,0.806389125736196,-0.07046447603684312,-1.023795335566944,-0.9339273753691024,1.1468544348921246,1.485049090571088,0.6223363812580137,-1.028303422672676,-0.3572009948268829,0.9000384064697244,-0.9305481710450686,0.41577561791438233,0.29453445551298096,-0.03968134130963143,-0.9472721034310507,0.2903869699119869,-0.6748128806196936,1.1229251323690193,0.22090809096442665,-0.5569321905835545,10.248468336196002
0.14146685719124735,0.38282785565975364,0.5709019348055651,0.200685079727419,0.36049252186279235,0.6302503544359339,1.3697885935817384,-0.9851170536005649,-0.36256390679089673,0.13045406873390217,0.32691010000833465,1.3876395330133608,-0.8321112620598019,0.8010452167376259,0.6173197978488789,0.6990635759978889,-0.13176011688101563,-0.3772036608479808,-0.7687664557815318,0.47028679229589015,0.7554790189204778,0.9556225165783571,0.6201488236662213,0.8962876002082287,7.404230313873218
0.12016404591715052,0.28100245643049104,0.301818200086868,0.9334404691067487,0.7315171714724409,0.8243220808325751,-0.8371616415651497,-0.6015052509381223,-1.1894733617311126,-0.16506499496483432,-0.29350721600561214,1.9285437266153374,-1.725697644523174,0.9656684691073862,-0.04223276024724088,0.22207700124612229,-1.9027962331746966,0.3812241251357225,-0.03904884633359947,1.408266613913783,1.6147937564485948,-0.7401506835983571,0.9150106800473043,-0.33199020656384065,8.329605202354434
-0.0593411283014067,0.05436709879672532,0.1667345397917092,1.0484278719789233,0.11970053067219266,-0.1181937329268463,-0.43281431557342337,-0.8090548124969856,-0.8577033683431644,0.385810730780803,-0.06535289554353912,1.011711150537371,0.6142564657148354,-0.5351816786903705,-0.18689442380466353,0.2601915613463338,-0.34458320197675013,0.843682517518275,1.7842113954938237,-0.4708604439970808,0.5212359105282294,0.18028403331226592,0.13555326271550638,1.3435113307026694,3.6333191732105363
0.06495354015961312,0.23125014997852278,0.18940095899358445,0.9365515378438124,0.11479833508948456,0.716703059444808,-0.6141285304638306,0.7643444725218739,0.24778747449032754,0.39471025242868607,-1.6969044099938637,-1.3293187984427046,1.396636288052877,0.24842688776264338,-1.1989512953216683,0.47644933111222976,-0.3189939345654795,0.3567215921936508,0.9225329012960606,0.37797010232120715,-1.8325593031608254,0.39459382445499375,0.9373408279565267,1.465337038839545,5.535209295045218
0.16565891718257006,-0.021397535707607898,0.628022966783672,0.694637477580566,0.7613835298978361,0.23780541969081148,0.4222847631356354,-0.05697603930933937,0.4632537611725139,-0.4595484496850771,-0.21489700567318862,2.0551241733570107,-0.12787976477302349,-0.09827200640145596,0.2759684272521255,0.3395919633770049,-0.5164286311701286,0.05774313034901808,-0.3847746267250076,-0.7843077357773492,-0.3082348763500119,0.33833857038826287,0.7871760237669438,-0.4830635544388016,8.908039095099374
0.20151504948272694,-0.03310064297298018,0.6183980645395089,0.6805252456263318,0.596655552340313,-0.15911918033406147,-0.41210986326601184,1.711877735993896,-0.9892852025546922,0.45191585449377264,0.5634624695798384,0.2329349123126295,0.1113899017409101,0.7433859007996021,-1.0158156792179163,0.24089544790063577,-0.17555938095657003,-0.45565403008267763,-0.11276542116978261,2.156629529899354,-0.31749951484736716,-1.2204084407714288,0.15419057276393167,0.2289763798987997,6.755255680909958
0.08634141337886064,0.10710520882272835,0.2926435131105024,0.6848612365274461,0.5746015497738093,0.6242016841765634,1.0406676005802613,-0.4384658129543681,0.6750722274501864,-1.3206839860695259,0.937550065674659,0.3502475743428566,1.137784272716481,-0.3893940901495255,-1.9361949985383875,0.6318628788309057,0.2603972241571859,0.2594667071564373,0.23130336246027045,0.4945009979630802,0.6762579013696894,0.1451801135740557,0.5891120862242962,-0.47987195804331756,9.24772542518091
0.1134694518935311,0.687973570805156,0.7581337642735749,0.6950854299860127,0.6523368133698134,0.40313090730944995,0.09774832492195763,0.738296721451218,-0.7575107279562553,0.7388974360852983,0.2999780584760283,-0.3349562383398535,-0.0696296232595957,-1.1407628279721544,0.17104094446429235,0.7826589106105475,-1.1676843193981674,0.5269304047517659,1.3310619351994122,0.4899267560061478,-0.19866838248997226,-1.3747939126364328,0.36014892780266283,0.8116256466546137,10.385666873798641
0.48455360202562703,-0.13422939955042035,0.6566756151728315,1.1377335469627878,0.5474664779767222,-0.0687201474240061,0.890756007395947,-0.05710774174589477,-0.49326903218383034,0.16973386495599002,0.6114669321138662,0.2092898637204021,-0.5233691255153143,0.596955069987821,-1.2391765833271375,0.6158111201220628,0.053000706958433,-1.330982843387619,0.6420473643333191,1.2933117641292575,-0.6002496483150022,-0.28586911020118605,0.2413240306318747,0.9235172097652968,10.057631086263726
0.14883984214247858,0.3307257680937014,0.14905795406440908,0.5543029613281384,0.694921284137398,0.5317214198367957,0.5225282105005834,0.30009443464508306,-0.6591653385009052,-1.355125011189398,1.3642401259804744,1.1058400014505883,-0.2155092009721512,-0.1145896359765104,-1.7624937033290735,0.9994698767766325,-0.06243737368129537,-1.8113713970886898,-0.18238905460052038,-1.194320824189815,0.059919446487836155,1.6280003366071802,0.8796400746379985,0.34678425058696016,11.072097561213347
0.09344904911880572,0.1791347471005517,0.9933923963837274,0.7601743950868097,0.7668550853213841,-0.14514133717925132,0.40809596717370783,1.0193272717369268,-0.22298113052844157,-0.5392856129414276,0.2812850337058713,-0.5879851662995796,-0.6275482601152412,-0.4101941925377254,2.237683618438618,0.5254854894154056,-1.3003203374787617,-0.7988931019894158,2.241806197928752,1.2031272221582863,-0.47436453126978523,-0.9653886209473049,0.2948635291415792,1.2644875673754514,10.380614617327502
0.04945402371869048,0.4220764380598802,0.7472264205326129,0.8124599526216122,0.7204670430492128,0.7280553571070095,-0.8855180948829423,-1.5550831986847642,2.045778912919989,-0.2949337530032191,0.20764533742750926,0.7796313025210246,2.577972142983633,-0.7533511994483347,-1.3384918072015068,0.7868621458510082,0.04772143584062156,-0.5302498062739733,0.6074937411704827,-0.5869986874262759,0.2972934594302016,-1.3601004536751096,0.8691218771368742,-0.19391051943067367,12.504914477387945
0.1939491600587604,-0.13453379679272495,0.4972676310962868,1.0693637399681595,0.4379113183034504,-0.07078178956869513,-0.9548943890616814,-0.11970587706693532,1.2441289071743107,-1.4580365155835815,-1.7613403295305834,-0.6441742542514367,2.232851631166817,-0.3367996176020649,-0.575549882029193,0.08144235211037054,-0.46235438756329017,0.3065455378140527,-0.7664791328834814,-0.6461719443619509,-0.5191488944285382,0.3988131578799187,0.2224411952043679,1.6261088865948206,2.6588691871136083
0.2503283471919555,0.23943362827710407,-0.08376341954499622,0.8153216193782359,0.16265373352023382,0.45274988291352647,-2.3832171722279454,-0.17727906369758137,-0.2879453021859917,-1.7740212135756124,-1.2697363048894794,0.7139863110482538,0.23223549875660157,-1.0517976753077252,0.9768682412891636,0.6621893090305342,0.15313919918802998,-1.4033012462974837,0.6871950693397443,-0.8331609687695136,-0.08171359940302034,1.4555904344297559,0.7039593492922166,0.8264752901486003,4.151518954193782
0.056503983396725535,-0.21032372157942625,0.35327904131405663,0.771260137752527,0.45911715577798906,0.05215090663438729,-1.3353478293544132,-0.8548523188801951,0.2947003141055186,1.5893461345171656,0.20780490755660252,1.3330580299569508,1.0276677619760306,0.5322328307102715,0.33144158566289983,0.9471841483294103,-0.9794251144349331,-0.4473363173180506,-0.8237457339903411,-0.47401643462325277,0.6467728793095464,-0.5112985522115526,0.2789819713290702,0.13319714913154584,10.76836884693306
0.36919092280398397,0.1049189778522907,0.5298520229160366,0.9432911022140698,0.851039258729141,0.003475242135587836,-1.8213535998810804,1.6339922278955465,-2.9020319587642724,-0.3101778614765169,-1.563036588947174,-0.17266024677075045,0.8004187959288285,1.9413469553085174,-0.414470701323249,0.06152572548158386,0.6847136203199522,-0.703684412322677,0.45978399769239575,-1.2206784052328556,-0.5143879490281833,-0.5357468220713285,0.2869681877397998,0.5823020185926588,2.5452058606702543
0.4384898313350424,0.17129951473640878,0.5448667506695859,0.6712398958022919,0.5220169667266877,0.5129009635461294,-1.328704089309781,0.048073810989691795,1.928893438772868,-0.034186588982671275,1.0410753065709248,-0.1577504548384345,0.6613677470111697,-0.5196718182071934,1.5371784330370568,0.793560742744209,0.8943870999666349,1.4064110404077128,1.0694105026080338,-0.2884657442435116,-1.9355747245041497,0.22696491693915044,0.8650902562770431,-0.22494830439128827,12.305166117161896
0.2094444545724263,0.1420137753391673,0.8670917504040274,0.5379745887350003,0.6740667631732741,-0.21495882072239436,0.610592781431973,0.3376885597759782,0.7501486777779789,0.062020521681735934,-1.440730756797833,-0.16648669463345736,-0.6441582046789346,0.44262306969217313,-1.2834313852324573,0.8654880355277496,-0.007596788649990029,1.0637490638964566,1.4209084570481003,-0.9349194120609068,0.4962343067239865,0.18199319642066614,0.012346905221382931,-1.0420496270669946,14.414853499585305
-0.12163673179545048,0.026234173944518546,0.02987886728087445,1.0298306340429506,0.007697793816976106,-0.12104775121213471,-0.7419651257734772,0.5746096844062388,-0.41723664495614615,0.5996363989662913,0.044917674872577015,-0.30138986601731943,-0.003674750634730695,-1.3574789078733618,0.6911026995925311,0.3606601819477616,-1.274183329425657,-3.0139777479019294,-0.29248294055846813,0.6022426847559581,-0.6258706821755854,0.8755209878834374,0.30962196842258016,1.6998057655261205,0.8120944433222702
0.2549909879050888,0.12919379106002502,0.5582885748547175,0.8446099769796329,0.9771273965598226,0.8820745367951813,1.5523447410719036,0.3113841078420568,-0.8737454117457266,-0.40713648565984784,-0.012736513413714741,-0.9184035938368021,-0.8691641565287337,-0.5369582999647625,-1.623799695747616,0.28695701038662436,0.13921693925687706,-0.5080958485153353,0.37411479705630973,2.419129815580802,-0.0790116372905459,-0.8654356483645965,0.7291453143477042,-0.3503112194868767,8.763159111166667
0.06652129635147402,0.30418118425552565,0.8983447398551142,1.1687933434397968,0.7579600796096577,0.1376580597849446,0.9462378523535826,0.5997092939648767,-1.5287901153766603,-1.9538106356868203,0.0688148153453519,0.14638116453307506,0.9702917156955374,-0.6661965758460915,1.2147634460279202,0.47057717087226214,-0.2600502309746665,-1.295653008518378,-1.2346362019748622,-0.2946338105283231,0.42572900234367417,-0.09294899793652671,0.7490785012186776,0.17652046375751598,10.244154372317855
0.5415279749947999,0.16452424404182536,0.8456642263043289,0.5138141666760299,0.9335622067142396,0.26845561865028517,-0.13945444507120022,-1.007479212044785,0.5212140177982494,2.4965847973590676,-1.1831565625436324,0.19383332419015586,-0.6027615143697767,-0.9788435178204025,0.9241110067644177,0.8736366741080432,0.8342194481064195,0.20675043261713913,-0.12127293830163094,-0.8176876758840306,0.5297147523992033,1.0758494425032497,0.23185835144488343,0.6299307581316664,6.912615684186527
0.19214127141130716,-0.028625711558952535,0.2162490198487267,0.9846686492942256,0.4021413258333678,0.09570614389984028,0.48527531357208825,0.8592700637963888,1.6799429663139696,0.6449450692494261,0.08181368225889224,0.4102530354347463,0.061861400233987195,1.1566447957460861,0.25665099437557903,0.21985244628258638,-0.3145842421740828,1.5353863672520536,0.29306650263858625,-0.18355454075100763,-0.5493569266101118,1.3994868996409762,0.4761669303539854,1.5581859473931705,2.7533218166355344
0.28557598765530057,0.40142470132075564,0.615808306657728,0.9060367723267085,0.31765724895523884,0.6020880518152936,-0.2222922547611367,-0.48521108645729505,-1.7506900103997478,-1.9266774514462237,0.38956089712048075,-0.6225202184569327,1.4850653005012522,1.6659882107126214,0.6077377019699954,0.24265527669968057,-0.20380410160272153,0.8344549725869888,0.5519128256102163,-0.8087984305940724,0.6996113491831951,1.0133788905241814,0.8591022197558766,1.4239702873411861,4.977067899148238
0.03698796978620805,0.03598545225099821,0.7423408013195908,0.7222221566270673,0.6435346563157585,0.5930434895425742,0.7049428215738229,-1.249607772429802,0.37343619799924427,-1.5712788929321637,-0.7333665137715235,1.249383121676208,0.3934150873459274,0.26730684880679056,0.751079776206383,0.3721942078799496,-1.249531455280666,1.2511830968394804,-1.1009916002695752,0.29767561148167615,-0.9345920888745124,-2.233715335411147,0.8464494644305316,-0.29301541422880195,9.235012376944667
0.4639394742296312,0.35266521845251614,0.6811037849000414,0.6336539827247024,0.6467208660628365,0.4536277836023454,-0.28488619044607727,-0.6805688806596404,-0.5239913780106824,-0.3681350976296974,-0.9935180329306924,0.7397831399574395,0.11751017617207728,1.0077302722808243,0.20806480450385845,0.5665333722357329,0.8797202765322605,-1.3768464789314674,-0.13723593088117567,0.8985483777305066,0.9150628547329971,0.8200491154779053,0.7976007600798662,0.4022184885020432,10.903226722234777
0.44530734728198984,0.012662704607097036,0.5158632160306627,1.2245025802164293,0.7564982747926651,0.2880547732140276,0.08459561999190492,0.2617994776036924,0.6336366105700975,1.5260406772852804,-0.5340326241129009,-0.184653022343624,0.12865636501703834,0.8689718260373521,-0.686569569763117,0.360932224602164,-0.20427666187870255,-0.3460051589488275,0.7884105407718306,0.17028617891285106,-1.0553964200950885,0.11875936120563989,0.6748635252865316,1.1123034687635953,8.175565535941981
0.22933775558678288,0.19461718040733075,0.785838789144021,0.6576487502196459,0.829574916240809,0.6650156769746063,-0.23862031507387477,-1.7976042588038637,0.6681008440221272,0.7357065714158576,2.114528554358078,0.6009286297371316,0.10599363846702188,1.324072358195999,1.3611612757833311,0.9326628390300286,0.32585170106021755,-1.6091022987949477,0.5622996138833942,2.1308328419286897,-0.0803733845636952,-0.2931759204717112,0.7971490724733831,0.07667128938621558,8.291107117634866
0.5962912153404036,0.12476200736370159,0.7943166297971735,0.7445492207554328,0.9535433104539573,0.6596268635445731,-0.9744420247741404,0.788550400133247,0.005447311951631905,2.280278448280595,-0.7730289560229444,-0.7491987328038562,-1.4555551220490206,-2.773044906234254,-0.4737782157175295,0.5526276942296117,0.39194964750424105,0.6738910885939656,1.2927082195820334,0.21354370737921005,-0.6545803129709415,0.39677724919409496,0.816291369553019,-0.25272752549134614,11.96497262323033
-0.2712943657616189,0.15537978645964076,-0.17084870334259827,0.9420767975283143,0.0636600559467343,0.2025779587977286,1.0686919048109698,0.8816020436471657,0.6748973157926992,0.8224627843434502,0.7714077731173691,-0.5760381785519879,1.2212241563116626,-1.9509674581315397,-0.7517978582953038,0.3647101590408969,0.2517134026036904,0.4383580319859614,1.951823956546793,0.12392130466674113,-1.1038845164036983,-0.4726523618804888,0.6858884710841914,0.2758742694527247,1.4198421903962188
0.12640738470987073,0.31418282699590433,0.6355511791581305,0.826613506680406,0.44258046517225524,-0.14644630443012369,-0.5386201241300596,0.11992611873129481,1.71629011073596,-0.1995266226011151,0.47805228470200617,0.9677149237926082,-1.2695608949334658,0.39226408510148947,1.5058551738905086,0.27395267964232217,-0.8917519950913252,0.996364411804027,1.30563862167132,0.11864522220874646,-1.0156503891944757,0.11075905186667963,0.22383585707513243,-0.3923038872413694,5.242948349898754
-0.0013450890026864004,-0.04535065864666138,0.4987915577236778,0.6508278407393056,0.37443487066034464,0.4349757087592141,0.79553854050712,-0.635520205701565,-1.9184403716398974,0.2651623419485204,0.8508324420292929,-0.6346955133439036,-0.9712726300291152,0.9818970811080123,-0.7825580706665449,0.7092459798429268,-0.4702052904688276,0.08912788068817824,0.9330976482495305,-1.3648988568292433,-0.49756858134837634,0.0035851948007808027,0.7864642416965696,-0.4516780466865954,9.049510605340021
0.2574812428397505,0.2943638311903923,0.3835623718569738,0.538255234442558,0.3929767077216748,0.1074487474347483,-0.539524767552827,-1.3000140352452125,-0.46902399644309983,0.5048483197538304,0.7065640910859643,-0.03403555172099466,0.1260775389954569,0.2492688061066924,0.731500715302847,0.767779672589398,1.7607124001286116,-0.4027583572559248,-0.9779743373699503,-0.12789417495586583,-0.3644139290220197,-1.038425056640596,0.20018039652950725,-0.28675086048266507,9.91964012899909
-0.17421995218956776,0.05146169894967538,0.32631772364082645,1.247199162190723,0.27541383512364614,0.1606638924281796,0.6274505949196986,-0.05364267077184199,-0.3552140442601556,0.16586185826952812,0.6083493398605873,0.33812781096830735,-1.4702092874091341,1.9110706299169924,-0.4977676734065293,0.3346064988278029,-0.19876429782328928,-1.1702049949602777,0.8233192110506251,-0.9271736119839283,1.2033943053902794,-0.051302831663854166,0.047388184815747025,-1.5548736292652001,6.952016684346282
0.19809290598886933,-0.06829726553319282,0.447725323063508,0.6605507235823606,0.5491985430260911,0.06701660007574485,0.7030306513939618,0.025596213956632856,0.5396663609867944,-1.1008622045703125,0.4519063509286784,-0.7696881927823173,-0.45624687709741585,0.03741293053270831,-0.32495157114385875,0.9051859550519962,-0.06368329204261217,1.0696890595560702,0.36954616580281285,0.8067855428510937,-0.6134448507930381,0.3677959143228785,0.1281869021234674,-1.4778190523581398,12.764492218343069
0.026752747039092667,0.023491714555216755,0.7098979481799097,1.1598226996480432,0.5695354047426706,0.37103927586618235,-0.30450807669709135,-0.7847563734595085,1.2554413438487275,0.11624779159102856,-0.16774149215541345,0.013808854911789046,1.3520604477860265,-0.7914218234821102,-0.7799904297652568,0.12939603706572134,0.3805190264322927,-0.7759272469465895,0.8451398547794681,-0.3891851512864523,0.6070579707083822,-0.15825956342483669,0.5298964386634587,-0.22995119386662372,2.3124641510613233
0.414292914152527,0.2549881132110581,0.8536797201382814,0.8927985976707977,0.9051962068603715,-0.0830529658434799,-0.29379023865751336,0.8209154745893921,-1.1858478494410138,-0.3633272006698045,1.8199473146656877,0.7196235956880728,0.6559078400217664,0.6306513190544095,-0.44081254874451287,0.2613298614047239,-1.081613173294714,-0.8497873584172743,-0.054291665429617164,-0.044503344429526956,0.694690270724448,-0.21505928670437097,0.4658804795385524,-0.017678480726736823,6.789455159908976
0.18061763560674238,0.07461133310664037,0.4492164564600229,0.6483533789273981,0.11165466005813685,0.16345834026996342,-2.173233596987052,-2.669573694281538,0.17157459549488194,0.41560314599946513,-0.06006417926242711,2.0551098389980282,-0.18026155157669055,-1.0204953308758087,0.05660662635144551,0.7741655468205151,0.0791810852689512,2.911714028656794,0.7273308835568327,-0.48358259036290024,-0.9477775509187821,-1.0725785238306802,0.29532051810316695,1.0925228969830758,3.520188219678501
0.1726541195379709,0.06312094519952055,0.7882938551081003,1.037390564601425,0.9407999375039429,0.8091737979757472,0.74456565248681,0.8292624890745618,-1.0078883606058544,-1.5181902289404505,0.02420679037584609,-0.776565707851876,-0.1434905187959731,1.9199230377687992,1.1629403898235522,0.4745477250022173,1.5853177618684686,-0.3541250296038258,0.4911536320278718,0.7635860678919809,-0.07429129985054148,0.6002725390488327,0.804724144851205,-0.12324019302462674,11.71598252947575
0.049231603860318385,0.32618275749558256,0.909357871194039,0.8177944842916249,0.8576255920784892,0.19731937931676957,0.13163300677081655,-0.878674584311875,-0.23236711249262063,0.42718368488489855,-0.3370203318344469,-2.322311264986645,0.811513678060839,-2.3611142901630155,-0.6176282562987434,0.4247049635112782,-0.16565467930522976,-0.4976006279109646,-0.6715336432545127,0.7804877499992396,0.5864452418428877,0.8592480219971789,0.3304895656912712,-0.4943895614324814,9.678829187441659
0.43367715731536005,0.6338855944657691,0.3832538342055791,0.5386881581748396,0.5400185323687345,0.15941099343330037,1.7701608185485354,0.32941275931110164,1.1358005800336854,0.050481459783583364,-0.2981707169246781,-1.1713025989068264,-0.6570519968022137,-1.0994479003998001,-0.38054599335377315,0.530911192069895,0.544181329164563,1.0412675625220777,-0.17842319530247727,0.10596976138760798,-1.648668953938389,0.31382811762205054,0.24004591186086277,1.241552768655732,9.18914428858142
-0.21853384095593412,0.24807274798741713,0.34048334531562374,0.85967210415913,0.4238315113558019,-0.10276725336564636,1.3445675493133022,-0.17928509581696864,-0.03750719441722809,-1.4369898166185253,-0.8761069267606737,0.24923716796154818,-1.4850345705505468,-0.8527045608458326,-1.7700681712246884,0.9427597837432854,-1.3272795880879273,-0.7355314996331586,0.9198261087790525,0.3911270507114779,-1.9725273922708175,1.1138573103565672,0.328239275155112,0.21993476278507457,10.096429666348579
