x2,x3,y
0.24306139502269541,0.23411582927568952,0.38387261177045306
-1.2811590960897972,1.3910728085356991,0.048183273421967085
-0.8891938195585265,1.7453496861602793,0.4531858286524685
-1.5290516358978161,-1.4929455405165513,-1.1949131973106413
-0.4506002834013123,-1.3966827059901545,-1.2734610702405407
1.0046549376165212,-0.255018028344582,0.3739481020924412
-1.2259266462034386,-1.6581982914515692,-1.295696308130458
-0.020462199819340388,-0.11800194781286777,-0.13568767922684588
-0.31197255906673194,0.7444917589824511,0.32967091950718125
-1.5903001851220044,-1.1097921452846977,-1.0423858770945988
0.49433015759122245,0.8750684724056024,0.9163963017411224
0.13560118455718317,-0.23355916003012922,-0.08626089581893473
-0.9758762907234297,-0.6775253039491198,-0.8367940859633413
-0.6513817475058636,-0.6607011063981831,-0.7945363668247689
-0.850983956773276,-0.7057401115957793,-0.8410251545793035
-1.9796702614506847,0.5799049377544931,-0.469771887784221
-1.9601181563623196,-0.9083930843174635,-0.969052953009446
1.0875564497829902,0.7126297932244055,0.8623413480361368
1.4709074507041349,0.9965528464261637,0.9986049038085769
-0.8639525188044517,0.34642933221235195,-0.27764826698699474
1.2157383394212582,-0.9115306916624406,0.1372940307736316
0.8858273660712626,0.6443721432938396,0.8114207784315706
-1.122501378734892,0.14612471834975294,-0.46001226202599893
-0.9897587165565258,-0.9048247232520463,-0.9521674281630167
-1.4064450528541186,-1.955893677550315,-1.397222316136658
-0.8566864526446349,1.0701934094822256,0.11499354483546467
1.3728136101877015,1.7131647989702619,1.3005566033118998
0.4832854670820903,-0.9767557304931187,-0.33268731768927795
-1.1471066882429266,1.3198436203767177,0.08045102419905803
1.6629866574278278,-1.519200895034556,0.05399417304334307
-1.478751340366661,-0.23942218643631863,-0.6931609067930244
0.987844929853452,-1.552310471663291,-0.28395853888434475
1.2011956691986532,-1.0888465809839092,0.05104002782980431
0.5281959190031555,1.517351536346434,1.3385374413798352
1.7924085132343892,1.1969859361999768,1.070543380478314
0.5690688469988348,1.7603769946854992,1.484603971419021
1.3282764892462957,-1.955615719615298,-0.2694436134481962
1.7246030477935816,0.5766526455750132,0.8446205384788735
0.7638377406852208,-0.36891070992487807,0.2239021320673864
0.9481210430847895,0.09307662913138515,0.5344625150023893
-0.3903649103105602,0.44879201718755724,0.042022857771882645
-1.4594262565830713,-1.7312011735037949,-1.2973055896864607
0.7539120468674043,0.23926383877204627,0.5662632213589753
-1.047371864598177,1.6503681850842704,0.29452212903416014
0.14290227742908357,0.9918496728431658,0.9928687453706295
1.1689490561818605,-0.605973755598836,0.25956132947357735
-1.220719796152585,1.4712802631581732,0.11282849256339594
-1.2838158756569258,0.48603313354803523,-0.3493200790012957
-1.9003189195399477,0.6546580694521187,-0.4294909920752499
0.6433154248369863,-1.8954260547886754,-0.7619417496040944
0.32831531843151884,1.8962177415315509,1.6747025567617553
-1.9635497353026117,0.9589169218639526,-0.3389964411500166
0.5472388852703469,-1.3040942006572052,-0.48916513318795884
-0.6370282765724058,1.3733747918200372,0.4498068394941758
0.04965102256435561,0.5790977280304359,0.5990074196838522
-1.5598546645137086,-1.0648194098532553,-1.0253215195189875
0.9737879723251903,1.5362690682734486,1.2716953775139814
-0.7315888542439182,-0.5925172143390243,-0.7646769412598817
0.28810618393298926,-0.18490070797751157,0.0801218697983106
-0.5412701107551432,1.9350161382897184,0.9042840822052348
-1.602573089598835,-1.8289344254590163,-1.318505723728508
-0.7663918336937936,1.7557279501622998,0.5600887060260317
0.12402331364913044,0.9949403138540251,0.9954985932368711
-1.944419206456406,-1.4839025215666912,-1.1643456612786687
1.17356819942971,0.6406656653935148,0.8346799816537777
-1.4514187229233486,-0.8905813609756583,-0.9553651777229397
0.8803044808039258,-1.8946926111167164,-0.539480781261069
0.6962356080686423,-0.30152154468988934,0.23270002203772855
-0.7474906162161834,-1.8694215599485875,-1.4975257388398078
0.9898339262239362,-0.4851904304349772,0.2536108612574567
1.022182530671874,1.8445044814991087,1.4176203031575594
1.4406945874744737,1.057787802750144,1.0236767857177658
-1.312840421977838,0.8844417389248274,-0.1852262175038705
-1.411818414324288,-0.2536303789762133,-0.6905365608824681
1.5258919729576115,1.9334117424366717,1.3695374752482876
-0.14557436675948177,1.5902837822045437,1.2611223307411739
-0.7058906896660764,0.2919304624274228,-0.24266515418973603
0.46950293539480903,-0.9446040689341699,-0.3233073729190723
1.6078494276255877,-1.0439178437389267,0.2162439203401836
0.10597266777071557,0.8865441407171466,0.89741531360667
0.5483978164670256,-0.11142773475174339,0.2822078906778075
1.7716371567437514,-1.9095647964709501,-0.04976395968411771
-0.27303117390872433,-0.6647770911574087,-0.736673448605881
0.7678837164174701,-1.518115056742198,-0.4243669045411171
0.7483522037092496,1.574430179445378,1.3285551836904972
-0.2568545645600735,-0.7474124825288815,-0.7990320243937454
-1.4390017920547216,-1.1317191507561448,-1.054005352183517
1.036931736061546,0.8898392195462259,0.9459182757558815
0.3508167559576556,-1.9273865724120234,-1.167123378875076
0.9443553229922323,0.657383922111463,0.8237893692387079
-1.1121294018152983,-0.5420806050647142,-0.7831953882457577
1.0240179433780945,-0.5294629657841985,0.24434317848412038
1.3889786935041974,-1.095225327252538,0.12296190294639112
1.3371662160422146,1.4190700806603211,1.179306922110991
-1.7757234677237963,1.571683284529608,-0.07350882952382477
-1.9603413370393081,-1.5979379006627834,-1.2019827555631784
1.0450085396148938,-0.719810533256684,0.15902036595869157
0.5898416589703652,1.9811024422948393,1.6171070161353265
1.0961451440444985,-1.7496668417512864,-0.31177311340464814
-0.9384276774587446,1.1657719169560994,0.11728280716430979
1.5111903096766235,-1.2908843291030676,0.08772970321071588
0.6697159721715518,0.5117756717969186,0.7076003725543091
-0.1565517210943499,1.9111165723634418,1.5170656177908683
-0.4969926249715715,-1.893061870521342,-1.5965706548075356
1.6413115754335377,0.9509062167321654,0.9814131041091673
1.6256792910162665,-1.0161716212354017,0.23213332712273305
1.743500589107411,-1.260963326953525,0.17588378295587603
-1.304545499172193,1.9846053326396191,0.2950949910564612
1.639903395040161,0.9778963397750813,0.9916270950420205
-0.4809890717477314,-0.12452530239978588,-0.4088580974017203
-0.4613686214698536,-0.7914618984145969,-0.8572994530458344
1.8010543811683446,-1.1415683514918418,0.23544206571292106
-0.18974920314568688,1.9277637053961296,1.4608242625043555
0.5316179955525637,1.736461114220349,1.4808386401562583
0.19050900025512751,0.7238554650101476,0.7680449833384928
0.7391709513697298,-1.8056629496279042,-0.6132186128213737
-0.3919889811835753,1.9491330103832762,1.118646807014017
-0.21879269416403657,-1.6687955658000493,-1.5487361132064978
1.5913397541263725,0.873246023304346,0.9510855431080333
-0.3747991673354103,1.0467674823121316,0.4887756196994996
1.0796269350193226,1.4075966308031451,1.1959950719715784
0.35019051978518334,-1.052355066474056,-0.5200484941936844
0.8905895808308695,-0.0026380217064825295,0.46966912762427965
-0.006445490085982719,1.3907414139805527,1.3754305996008853
-0.1164043392201175,0.3159248170819131,0.17871703902653577
-0.7257914441469904,-0.031710802009019545,-0.4389303520567757
0.07597012228456546,1.9525691661537636,1.8853119119434383
-0.07915204293482381,1.3717027599223184,1.1977466247224249
-0.14463769390073278,0.9464363850676554,0.7004825155063061
0.678868987723416,-1.3968306191033304,-0.42764601444778993
0.49906314476049296,-0.2925997568002576,0.1377282796137465
0.8500389484937094,1.6978715239848134,1.377219909101382
1.6903107531741046,-0.9018475457280424,0.29307514253355715
0.33853405259706015,-1.8108796305853287,-1.099968712138166
-1.5120043538899512,-1.9605848567714808,-1.3823977674576766
1.3166019073995132,1.967284448020913,1.4175445271504297
1.5867317843863509,-0.8704115734392603,0.2769209452912115
-0.553533426150306,-0.6065491520467745,-0.7467380866543655
-1.7981158809478512,-1.0178088975704918,-1.0063646033002962
0.42146302731456586,0.4428686626574123,0.6080578061920312
-1.2240384463814884,1.6721786187844039,0.2014983927692616
0.8304019018157871,1.3062305774522178,1.1673023706697596
-1.9201350127903902,1.39404237830795,-0.18016038031738896
-1.1503701478338755,0.3815149454585778,-0.35754551519876043
-1.9611032689107577,1.5401061788788089,-0.14217575403468205
-1.85272503349701,1.9713040803611768,0.0415669387942401
0.27441208684857665,-0.3586304500226878,-0.06608409010178966
1.712363673668762,-1.7494587861340691,-0.013676304850054293
0.8308995161889738,-1.0352302183917628,-0.1116012650591029
-1.7920520487842833,-1.0722032650964177,-1.0258602862105872
-1.81940063454068,0.7999758011987743,-0.36157501734689945
0.24634257272354843,-0.821530158773077,-0.4615003921374602
0.13215896045417486,1.495770029848722,1.4378978987631206
-0.7001780333363268,-0.6040878058988493,-0.7671348609743907
1.2599029865127735,0.18798811059528564,0.6406872798297775
-1.2794189465197054,0.6183075095613724,-0.2900350714236804
0.9426470756905787,1.112101820352108,1.0577057056605395
1.2667606583259508,-0.572193213025642,0.30641410805729313
1.397429224448505,0.7891252336109646,0.9120412964693279
1.467873204189993,-0.4052358986716671,0.4305882910492176
0.3132525503045742,1.610123094069349,1.4645893083762502
-0.4575736504334187,0.82886883099148,0.25473510751765743
-0.17906705405229584,-0.5338914563028343,-0.6046802070372393
0.982379775029179,-1.4841416576360245,-0.25311087659752785
-1.5751130511494686,-1.2103261801288512,-1.081676484080948
1.9289158974338183,-0.9677424299997588,0.3281669740931092
0.5121585139877158,-1.4422234731391606,-0.615057846481166
-0.025923934677353433,1.1364660149587675,1.0824799410013497
-1.2903046640308404,-0.7229231424753038,-0.8790218341357903
-0.08168757642826341,-1.1038982610044554,-1.0960520054667984
0.9727814112902351,0.937143078926018,0.968137919024251
0.6473713949051039,1.849266606665926,1.515528319413879
0.3222129766530064,0.0343787192544287,0.2696930844001366
-1.9385063891729013,1.1478137035554603,-0.26907979119282993
-1.001758087452334,0.8332803081588187,-0.08416490501504072
-0.41410424671233637,-1.24242542968403,-1.1714339167339658
0.5198149336082327,-0.9306403641172869,-0.2703128002129198
-0.04935154517179674,-1.517638581667084,-1.493293771804889
-1.1204811842740479,-1.373558135364692,-1.1761666824186325
-0.44958952643301275,-1.9853345975237269,-1.6797335242538125
-0.4768252013352794,0.5250836059540585,0.03267712697152376
-1.5396272306918077,-1.3714823943457017,-1.1462743783246125
-1.7075924611561906,0.7381196062862787,-0.358057155490797
1.5306611995024664,0.23551688680145677,0.6979117104459331
0.45188082256924034,0.010211141902626508,0.3182712777031874
0.16323731469955227,1.1169002833938957,1.1004956442822584
0.2870747195022254,1.549994936695711,1.427321684096492
0.806677580870669,-1.6613336683963684,-0.4730540172606924
-0.02437860064306374,1.1847533104570465,1.1327596155225677
0.13244132658969976,0.7997099579286742,0.82313428751802
1.1027251629424009,-0.09494137846704342,0.4792750865572646
0.38511141124874015,1.1813084568572516,1.1308981034917573
-0.5294520760943122,1.9274472470473984,0.9140496736080014
-1.3590800121227504,-0.39061724612598914,-0.7416862714522026
1.6435220780826443,-0.27576226241783486,0.5174005645743842
-0.9353203364640654,0.433280948359839,-0.25940893538145704
-1.5661081576519909,-1.1731176553467346,-1.0674631171840936
-0.7857855652749337,-1.8234750836055098,-1.461127640192752
0.9319339498343098,0.1364482325655958,0.553011754098288
1.108994814515623,1.753273679736477,1.3571718975086635
0.24684856000467947,0.5154679667903781,0.6113946402538225
0.46152757504069175,0.33186191206562166,0.5428494820456767
0.8047419280293702,1.4547981297980717,1.2520017531230483
0.1272795959624613,1.7830753638166144,1.6946593964987289
0.10159722922997272,-0.5503504839347202,-0.40736599802309814
-0.5579383345103244,-1.8520080203554414,-1.5468817356132623
-0.028085764158746418,-1.837045742424742,-1.8141789056963287
-1.3334221379807332,0.021439860253968046,-0.5622567200215695
-0.9353602965745367,-0.20256378894072347,-0.587964983847872
1.4646440877041873,-0.3794251697347768,0.44031465775664613
1.3347368102260448,-0.5950660190679398,0.31681120883449454
-0.1568961874913981,-0.8177524111960173,-0.8424685025549556
1.44843988958073,-0.33745264414860765,0.4537531226148939
0.2908185139034267,0.8886014789826668,0.9136993157307105
0.9883116860285592,-0.19308076003748686,0.3999528502392205
1.7025837631192622,1.7917506758190154,1.2929606425612483
0.9442818843175247,0.3583665699533509,0.6699895034655055
-0.6906090582297684,-1.085761992587968,-1.0507284591730326
0.3766322893658822,-0.2366444256068152,0.10168863889103574
1.4349348920446277,-0.004120468994924575,0.5876191711426997
-1.7565081417022252,-0.6008182426707518,-0.8551857143861938
0.846935439414183,-0.8553182079270072,-0.0045387447411172266
0.2528728928012818,-0.654910400846715,-0.3208924946460634
-0.7666313123276316,1.6875394226317768,0.5212791734630806
1.8112841667868738,0.5674727765193608,0.8461460322685944
1.944995220120251,-0.6407878650444712,0.4428555082756725
0.7298872994456045,-0.2387916133704442,0.2838888326612647
1.1378408318175026,-0.3281221254399189,0.3787553752021823
1.7057042938559177,1.0906394681044644,1.033499399143612
-0.3390552774161999,-1.3244237130676084,-1.242278058672534
-0.10660341314892552,-1.2408069691965409,-1.2176090967506652
-1.5205798845305867,-0.47638209714388147,-0.7922629208978104
-1.8638739912872242,-0.25133625044947205,-0.7385835578561798
-0.5472322259365168,0.8502195647288198,0.19582538012928813
0.35213204932530884,0.14334224374245075,0.3664392788522341
5.424006010112947e-06,1.788839042098593,1.7888347634540949
1.1764843137409815,-1.901286067664742,-0.33301492197660637
-0.2873594633430381,0.6378232972903599,0.2722346352565981
1.2178366379683543,-0.5943495295203478,0.2811240006473835
0.20178878330565198,-0.5277551433583878,-0.271234317195181
1.70252919254958,0.9221015600880595,0.9711757267500779
-1.5371620023766055,1.8038659537181374,0.1051190074152559
0.18919704236175194,-0.3901965917701813,-0.16902123218305615
1.5621090196653493,1.082628923621629,1.032250354293051
-1.9510133599996138,0.8356119225161414,-0.3779723442131819
-0.9471729396972677,0.14518070074699807,-0.41187519742080925
-0.114568529559119,1.059747612954117,0.8480224035832726
-0.0583343989960996,-1.0051913073646142,-1.0049051673738834
1.3130177156499268,0.05666011849285413,0.5921605463181331
0.06217828918999979,0.12154266050310181,0.1729662068626956
1.930886289512511,1.7530909667300212,1.2569499094607595
-1.495160518581323,-0.6351391249343297,-0.8537725840287342
1.6335676963520225,1.3491863259214352,1.1325906018687588
-1.5277922760039555,-1.0256083463227004,-1.0101307162640687
0.9417333571043662,1.3205592139234201,1.165089203803687
-1.325644054471435,-0.3668544020195279,-0.7277547280878408
1.5810704838625975,1.9643086244251715,1.3736080166947142
1.363652161248797,-0.9593131959488068,0.1710653419860071
-0.5461122970235821,0.3686731139461674,-0.11476474472067942
-0.975571369689777,-0.8974883054430283,-0.9481103562595822
-0.10056998306613885,-1.8486403057539462,-1.771091633255045
-1.3090395921877502,-1.795863327333151,-1.3446728804589674
-1.6363807837062865,1.8852891146297344,0.09441289075606395
1.583482313016984,0.6323036252897078,0.8576741273367197
0.9384129230315907,-1.6278444453535017,-0.3556680385950332
-1.028663595367695,1.305885301869886,0.1366523790022192
0.58565334474513,-1.720263832891511,-0.7155476270437613
0.6665880208984305,-1.3467288510282005,-0.40810375545788286
1.2221137591527187,1.4976622761481617,1.2239589553407553
1.6347156916385672,-0.5347783956074452,0.41747855357670693
0.9840917222937153,-0.6096741250417188,0.18870982275917664
1.1669661366818587,0.5703984790132437,0.8017497764664756
0.8132813014869473,-1.2273928059916837,-0.2283768680376023
-0.8958184628262527,1.430060015638769,0.2817999525208118
-0.8673515190600622,0.2931398391495952,-0.3075005825360072
-0.32207274280960707,1.0160114232412805,0.5248869127707356
0.4806471422437939,0.8298214734316125,0.8850647654575576
0.9401686473488753,-1.238081520964411,-0.1535499885654867
0.6747231897854196,0.22303175465949554,0.5360616906247913
0.6976799982042441,-0.25223752181182624,0.26238306209862505
-0.803949170347102,1.9869511188152544,0.6557845242615834
-0.20437252143086004,1.0386888291708272,0.6927394081930348
0.0666087986299222,1.6397042839632392,1.5997553037111176
-0.6104035876624181,-1.2990549340289723,-1.1857018553113543
0.6419707184402705,-0.5592954862681974,0.050351222006326316
-1.3947100634557357,-1.2065622109247878,-1.0862577119781691
1.4245828877569817,-1.7041643567378504,-0.11531116151673977
-0.0007622671248319612,-0.2919518548886004,-0.29249116561358135
-0.5597500137172693,-0.3388520786572884,-0.5761193040370406
-1.8853172495177666,1.7527974032589384,-0.04592903823001671
-0.6780049800051073,-0.8171514355218505,-0.8910321681657983
-1.9560995498967118,0.6454724044166245,-0.44336367005159943
-1.514524221717414,1.3798002612884943,-0.05357831086506835
-1.3917072311685592,-1.4058515444729225,-1.169691147471519
-1.0427351686718125,0.6511740580751684,-0.19168471596405587
-0.299318383302396,-0.4960640010978601,-0.6121535680721168
-0.039286243576191815,-1.1787277531703961,-1.1719716336813932
-0.7782933900405617,-0.8446701179215639,-0.9126522749573437
-0.1681650286048213,1.9869842794605455,1.5569882733332645
0.15132097055145355,-0.2759232980495332,-0.10822553456869485
0.11802543520691877,-1.3537732872138797,-1.105294936137347
-1.7652013258439636,0.6958177200620077,-0.38672902250817875
-0.9226364247260652,-1.2493319275037638,-1.1296823072200395
-0.2752908926695645,-0.03682192773583148,-0.2447385315769414
0.854741967280177,0.5601546159236555,0.7628535980552913
0.9404761148339706,0.8719367988529139,0.9340042373270627
1.3858254563126882,0.8892036157304157,0.9535605658090257
0.7820842420613632,1.309919663026164,1.1739085368196036
1.1172714247291577,1.5162173822897373,1.2438125675624097
-1.285973559662967,-0.24446908962239178,-0.6694927169284495
1.6235872250073173,-0.08136123511243998,0.5878310334776752
-0.44545811267201385,-0.9337871529130481,-0.9541924829875883
1.4779366501651787,1.2832615369176734,1.114313469998836
0.9404388372592907,-0.03197853674537221,0.46817260254234216
-0.2821384803945679,1.601804903032979,1.0292698041730206
-0.9216163567694982,1.0485447280499232,0.06605291989385909
-0.008488698483152923,0.5704295263875987,0.5572108331502865
-0.9764031963953008,1.9384907571364343,0.48678709005118714
-0.18641144640050245,0.4613415844518407,0.23173254007744024
-1.4379358482361901,1.4006935551889148,-0.015276157932629594
-1.5672163193276325,1.6168744057722675,0.01934316406092366
0.9434690710176521,-0.2412529457740713,0.36132096760144566
-0.8860430242618889,0.6632766885137924,-0.11811307212107583
0.0393453550839884,0.6350055513984363,0.648822745186494
-0.33331446552797805,0.46509083315000677,0.09883367429741843
-1.1077221891640239,-1.770313407031444,-1.3654719824992543
1.8590040269440506,1.7461775239522148,1.260992120654616
1.4369453281639997,-0.052970819380128376,0.5679136469698978
-0.9350552437643262,0.09190202920725454,-0.4357256555202311
-1.8172360513625208,1.1284619498888095,-0.2444857615465322
-1.2009858457992597,-1.2748065180537296,-1.1248561041763252
-0.08752920190918756,-0.5046796023659841,-0.5445451977156408
1.2598064471098125,1.3574897831494486,1.1581948682404466
-1.1173813799029553,0.19616184363356615,-0.4350749208494555
1.7595569255988717,0.34979452012348666,0.7643804794005445
-0.7945733203222991,1.9244611366842364,0.6296136265744847
-0.1998322784642208,0.09105223974121968,-0.09066270400912953
1.4977523724032764,-0.6441608665427201,0.34174384750528786
-0.3315360929982716,-0.5065818647611828,-0.6294369053656155
-0.4584214009977048,0.2606646590900974,-0.13559643445462483
0.565576935721829,-0.2676156758117427,0.19032041997521346
-0.38451290786303627,-0.9796082189452422,-0.9852715125016551
0.26105855509971265,-0.3694104095487156,-0.08592135076585364
-1.5922307551890058,-0.888696385663633,-0.9570626133057156
1.5396356151909982,1.5298264096780279,1.2086230034375154
1.3736872275218546,-0.8291293762825007,0.22941432423170424
-0.5364641474916705,1.9492336623714497,0.9194939674877367
1.3455444167185298,-1.465795853187975,-0.051268027845611915
-0.49084419713129845,1.6208164269737866,0.7579411933297894
-0.47502768960464836,1.5921332536590551,0.7573454870896861
-1.3805835295075104,-0.7581112400258871,-0.8983909797846269
0.14098227183659384,1.3060989323667074,1.2682766769671119
1.3245805926778957,0.18595312779053108,0.649809142013143
-0.5747202776498708,-0.18514517228176963,-0.4825399537406552
-1.9196788185211733,-1.1415795896943104,-1.048491494611048
-0.7236410710254031,-0.38442103327400234,-0.6428612794891302
-1.8202162486742046,0.7656650272644274,-0.37392565974525044
-1.8493118379277775,1.0293713371025395,-0.28776790588900836
1.422513857117098,-1.665177154958986,-0.10017003499442033
-0.8975941367826765,0.787618613201166,-0.057955239979804785
0.4915501819327237,0.8636702194932533,0.9085985961732156
-1.1488081710657365,-0.8808472390487272,-0.9445493727380155
-0.5954279149346204,-1.1911574120432844,-1.1198157624383287
0.03967954347071512,-0.8682282427250527,-0.7969269997257338
-0.5595573577202106,-0.5563083036047387,-0.7155015208649601
1.8532090905477752,-1.41385974230238,0.15398428026214034
-1.1217495058749534,-0.4654969436165488,-0.7480838077711552
-0.17629237301383416,-1.3246334626663696,-1.2759802495655148
1.6393657721747936,0.26015610078455476,0.7196887574222703
0.9205031633229792,-0.17558362586450338,0.3878772769994129
-1.2103876997549023,-1.5166567413168868,-1.2337403259048971
1.0202852301849625,0.6882070324176044,0.845668837783935
0.3006343448916837,-0.5030523663761612,-0.155630229418042
-0.9429603753413107,0.5902315053315093,-0.18154197815168477
1.0993841426976712,0.14215712173785544,0.5913835582468334
1.3232296156161736,0.09929887398237813,0.6123064547889144
-0.9307108822625203,0.24004969178127178,-0.3577237777164705
0.28774618814035424,-1.3949923182002948,-0.859832582116919
-0.46290635216599574,0.6737163224619294,0.14410353060796133
-0.3428527393890133,0.5753136975195892,0.17310979179767966
-0.6765899033176352,-0.2527775153880292,-0.5543200617316332
-0.4170567396249649,-0.02854681975265949,-0.3144571045867626
-0.37360074428332624,0.8194560020735646,0.3245886838994562
-0.5166336390884756,0.22447089653273045,-0.19263897029960397
-0.49118084865098277,-1.9350514319815622,-1.627054346109306
-1.3818991962175358,-0.20458394727955387,-0.6660580540169082
0.3069619828456305,0.6884118811256528,0.7615935865281018
-0.01609953769758965,1.2982108995712411,1.2617970132914595
1.7016847190733912,-0.749348544571792,0.35249715400849074
-0.6751125800443187,1.337760696430779,0.39558422775914476
0.03665460306709711,0.6164335767260889,0.6299959290789114
1.518924673203272,0.7640248862087642,0.9063191066006946
0.5501575875746889,1.3295670704101754,1.2126023012446123
0.8349539207287409,-0.42935019031195454,0.22104300594954626
1.2798557942013074,-0.4128230184630799,0.3803015865930992
1.638506537436745,0.8122269661678918,0.9288335915913531
-0.1007867256221151,0.7717692085797054,0.6095481234826676
1.5494072862763342,0.8798801932864233,0.9528832417792985
1.0174488879810633,0.09942106414320362,0.5536050795527021
1.3593337349354178,1.5412863169087911,1.2294233786826296
-0.5283354243668428,-1.4501876956846975,-1.2945607937283798
-1.0653407961879946,0.025666939376373765,-0.5033909458093065
0.6205245937062136,-1.6188725096770495,-0.6160646495882971
0.022263401406880767,1.7904958753994804,1.7732800316548236
-1.7353527746379322,-0.5832361482126398,-0.8476379881777678
-0.34146732146502723,-0.981176200574652,-0.9859677540226695
-0.39373630663131465,-1.3041169450582935,-1.2182026425022603
1.7630976682286081,-0.007318734193401788,0.635438607264584
-1.3770804674438257,-0.837195836625007,-0.9315108741143866
-1.9503712272001965,-0.2606341764417328,-0.7493990529931039
1.1420927541862365,-1.2092027858793193,-0.03132919037326065
-0.34177851958864514,-0.9239304388846383,-0.9433069168981162
0.25919495012477967,-0.845489928409751,-0.4656109669331763
-0.23014320816825107,1.5451814372840347,1.0690123071718989
-1.124753472291828,-1.1162782496554584,-1.054725525182946
-1.863056719401643,1.6012795007113123,-0.09143277425011688
0.9716888273266764,-1.5525151180464802,-0.2945831424664103
-0.507780947935665,-1.2480924342427575,-1.164541430625202
0.8188281204658021,-1.7917308673366166,-0.5349063696143284
-1.981955499116964,1.4645610009885326,-0.17350845721260613
1.864925312978568,-0.6708957829106135,0.41677509869413015
-0.48501764171166073,-1.134648826249137,-1.0906715330963597
0.07848350961492123,-1.550960328825464,-1.3653215891416821
-1.5558763604421673,0.7087062939970679,-0.3314597214313367
0.18110991034467094,1.740128469000703,1.6266380990611782
-1.125629579856398,1.708554738624858,0.27423647294550774
0.16316519295170995,-0.18181612119415247,-0.016034634079027874
0.42324099593776054,1.3894432079268966,1.2736312465973452
0.8461399102788953,1.5794672205574796,1.3138804471595762
0.6556302112655299,-1.4880508094641418,-0.5027817157083203
0.20080337906656665,0.31485953436820147,0.42943159756563465
-0.6071212932301377,-0.8356043283673307,-0.8977079873652523
0.3087125274484941,1.4901058791830795,1.3744946800032585
-0.7319441789571739,1.109194932528545,0.21781923352663637
-1.9022898925615603,1.88443540111032,-0.006151863567109775
0.3265225301151746,0.34116066817452184,0.5033334776694107
-1.6774708799191034,1.4053019973061742,-0.10165148187200916
-0.7762111793576549,0.353668149397659,-0.23789008585837382
1.4986495279695218,1.8611119473769593,1.3446309447314626
0.3941909514380413,-1.0869521440939973,-0.49689118405294913
-1.6817091095732648,-1.4329595175169483,-1.1614490982528094
1.6683895785350593,-1.340862170679768,0.12274347437494608
-0.25678279477216126,0.5765092984062377,0.25440076436759207
-0.08955255956580999,-0.850640988753514,-0.8629171122263197
-1.5758089844222254,-1.8125601308802008,-1.3154582252777043
0.6437880769977804,-0.2873109470992965,0.21686319233410845
-0.9313076596722758,0.11314467312384657,-0.4236316168741668
-0.42517132993229856,-0.07740717163498889,-0.3526442688060263
1.4255200101246928,-1.3894786198075453,0.014859242622902395
0.8404333721232096,-0.16604579211819104,0.3664286847977624
0.13431650127808892,0.6147392554684505,0.6603586881637905
-1.7076102799259854,-0.4063882562895711,-0.7807617484276003
0.9817614063146562,0.17792660969378282,0.5851804421628284
0.8895682840279111,1.0325284479524077,1.0172147512356993
0.20781037881363007,-0.6044860386570456,-0.32842544392858225
0.17061954959507863,0.5715302180914228,0.6339803294274503
-0.9319492863007857,-1.2720130179812075,-1.1407971833991803
1.2885964761257642,0.5315729555215296,0.7953212593984921
-1.0423987046572791,-0.023214373186027704,-0.5217458645138144
1.1345856851899243,0.1929399970675214,0.6219125760413452
0.10362773814901294,-1.8754000571457734,-1.6054075643009382
1.9709488428501665,0.8484487772887723,0.9489889490773468
-0.1560248288394801,1.8532057814745695,1.4681180804212222
0.1503627831664578,0.1586981116846995,0.2686638505467332
-1.1912761751064775,0.04379791176168091,-0.5236575272348036
1.2344655493213872,-0.455819894153751,0.3484706467746226
1.670398463400049,0.043623773277726485,0.6418601044637434
1.6920206210186755,0.5449265530181977,0.8309546949868459
1.8580877238368583,-0.513599604447732,0.4704152738825698
-1.4890046907320702,0.4281226556716726,-0.42622741492237576
-1.6793800551552516,-0.10235791178211295,-0.6649814249043237
-0.39196065498663213,-0.6603353872411506,-0.7559811683311469
-0.575236394336486,0.1498262248052824,-0.2700611610172916
0.1998310407503956,1.2004015184688672,1.1670247823756357
1.2232120522812213,-1.9711679095121046,-0.33643028179134393
0.2671113252106565,-0.09060989324946922,0.13929433700850558
-1.7123522834982579,1.968548513960878,0.09445536703373611
1.030162108349073,0.2541249880200782,0.6326032246821575
0.2836984016105166,-0.17362644216580492,0.08574596595790444
0.46640545185318105,-1.8575005321478137,-0.9486428726356859
-0.7369936658401288,-0.5804163363950701,-0.7584426058329979
-1.7693820728467364,0.8662365387196185,-0.3261180690747903
1.0091902822101537,-1.7406362987589508,-0.36405014648198986
-0.7280439921584025,-1.2331373923734494,-1.1349140377394273
1.257422642216151,-1.7228162247050949,-0.2061614753859556
0.2435114309899955,1.6764750211671675,1.5440038622150873
0.2996836757868384,-0.2252065833987431,0.05730401464264472
0.17031955379657004,-1.861716726064003,-1.445243879571578
0.3626989822841864,0.009308696344813239,0.27299329012885304
1.8391433008933906,1.8258732232237325,1.2908881784740684
-1.4680984452538062,-0.08007028594509924,-0.6272718716613834
0.196380695115296,0.5511237650383554,0.6248048494978548
-1.588929572994267,-0.79886135172028,-0.9223081808103841
-1.5226558612159455,0.45251948809790665,-0.4242102101878543
1.6309889009093932,1.2253617713973526,1.0856566788706166
0.6934594598088974,-0.08494799025561761,0.3593304026433256
-0.7227472653397964,-0.9838157842229545,-0.9906055774386306
-1.2868876281826434,0.22231355439135747,-0.4655121924977519
0.15368330266143193,-1.511126035242718,-1.1766164331665385
-1.3184247487464225,-0.13506977662466912,-0.6269319399549196
0.10649851860601345,1.4513417699087476,1.407900925594872
-0.5773467047802674,-0.5821483811053856,-0.7350920900089475
-0.3699278985501504,-1.4862008859664742,-1.3549098361169518
-0.19717146639207828,0.9674458871739446,0.6434119442415765
0.09990999782684762,0.17540368980322318,0.25030565062052634
0.3041725814642837,0.14356138653252648,0.3433088337849494
0.1902504308578541,1.5189040713636506,1.435962094959847
1.616610821998718,1.8696646133944919,1.3323629964696821
-0.3254767436227488,-1.983583450792962,-1.7420601346083708
-0.10285563742572945,0.39940694569659474,0.2688940403506222
0.4968834338447463,-1.8710438224042556,-0.918014293891928
0.44334146509332095,-0.738660144433938,-0.2046076320003201
