global_case_index,suite,suite_case_index,case_id,case_name,benchmark,source_name,base_formula_id,target_component,failure_mode,structure_type,feature_names,true_variables,true_variable_positions,true_expression,fn_name,noise_level,dimension,true_variable_count,interference_type,proxy_variables,proxy_variable_positions,nonlinear_decoy_variables,nonlinear_decoy_positions,n_train,n_val,n_test,seed,proxy_strength,decoy_noise,split_dir,train_path,val_path,test_path,train_clean_path,val_clean_path
1,component_ablation,1,balanced_001_feynman_trig_interaction_k2,balanced_001_feynman_trig_interaction_k2,Feynman,Feynman-style trigonometric interaction,feynman_trig_interaction_k2,balanced,moderate_unified_component_ablation,trig_interaction,x1|x2|x3|x4|x5|x6|x7|x8|x9|x10|x11|x12,x4|x12,4|12,1.25*x4 + sin(x12) + 0.35*x4*x12,feynman_trig_interaction_k2,0.0,12,2,moderate_mixed_distractors,x1|x2,1|2,x3|x5,3|5,128,128,1024,50001,0.25,0.1,suites/component_ablation/balanced_001_feynman_trig_interaction_k2,suites/component_ablation/balanced_001_feynman_trig_interaction_k2/train.csv,suites/component_ablation/balanced_001_feynman_trig_interaction_k2/val.csv,suites/component_ablation/balanced_001_feynman_trig_interaction_k2/test.csv,,
2,component_ablation,2,balanced_002_nguyen_rational_k2,balanced_002_nguyen_rational_k2,Nguyen,Nguyen-style rational,nguyen_rational_k2,balanced,moderate_unified_component_ablation,rational,x1|x2|x3|x4|x5|x6|x7|x8|x9|x10|x11|x12,x6|x11,6|11,x6/(1 + x11**2) + 0.5*x11,nguyen_rational_k2,0.0,12,2,moderate_mixed_distractors,x1|x2,1|2,x3|x4,3|4,128,128,1024,50002,0.25,0.1,suites/component_ablation/balanced_002_nguyen_rational_k2,suites/component_ablation/balanced_002_nguyen_rational_k2/train.csv,suites/component_ablation/balanced_002_nguyen_rational_k2/val.csv,suites/component_ablation/balanced_002_nguyen_rational_k2/test.csv,,
3,component_ablation,3,balanced_003_livermore_exp_trig_k2,balanced_003_livermore_exp_trig_k2,Livermore,Livermore-style exp-trig mix,livermore_exp_trig_k2,balanced,moderate_unified_component_ablation,exp_trig,x1|x2|x3|x4|x5|x6|x7|x8|x9|x10|x11|x12,x1|x2,1|2,exp(0.3*x1) - cos(x2),livermore_exp_trig_k2,0.0,12,2,moderate_mixed_distractors,x3|x4,3|4,x5|x6,5|6,128,128,1024,50003,0.25,0.1,suites/component_ablation/balanced_003_livermore_exp_trig_k2,suites/component_ablation/balanced_003_livermore_exp_trig_k2/train.csv,suites/component_ablation/balanced_003_livermore_exp_trig_k2/val.csv,suites/component_ablation/balanced_003_livermore_exp_trig_k2/test.csv,,
4,component_ablation,4,balanced_004_srsd_log_sqrt_k2,balanced_004_srsd_log_sqrt_k2,SRSD,SRSD-style log-sqrt relation,srsd_log_sqrt_k2,balanced,moderate_unified_component_ablation,log_sqrt,x1|x2|x3|x4|x5|x6|x7|x8|x9|x10|x11|x12,x3|x10,3|10,log(1 + x3**2) + sqrt(1 + x10**2),srsd_log_sqrt_k2,0.0,12,2,moderate_mixed_distractors,x1|x2,1|2,x4|x5,4|5,128,128,1024,50004,0.25,0.1,suites/component_ablation/balanced_004_srsd_log_sqrt_k2,suites/component_ablation/balanced_004_srsd_log_sqrt_k2/train.csv,suites/component_ablation/balanced_004_srsd_log_sqrt_k2/val.csv,suites/component_ablation/balanced_004_srsd_log_sqrt_k2/test.csv,,
5,component_ablation,5,balanced_005_feynman_sparse_interaction_k3,balanced_005_feynman_sparse_interaction_k3,Feynman,Feynman-style sparse interaction,feynman_sparse_interaction_k3,balanced,moderate_unified_component_ablation,sparse_interaction,x1|x2|x3|x4|x5|x6|x7|x8|x9|x10|x11|x12|x13|x14|x15|x16,x1|x3|x7,1|3|7,sin(x1) + x3*x7 + 0.25*x7**2,feynman_sparse_interaction_k3,0.0,16,3,moderate_mixed_distractors,x2|x4,2|4,x5|x6|x8,5|6|8,128,128,1024,50005,0.25,0.1,suites/component_ablation/balanced_005_feynman_sparse_interaction_k3,suites/component_ablation/balanced_005_feynman_sparse_interaction_k3/train.csv,suites/component_ablation/balanced_005_feynman_sparse_interaction_k3/val.csv,suites/component_ablation/balanced_005_feynman_sparse_interaction_k3/test.csv,,
6,component_ablation,6,balanced_006_friedman_core_k3,balanced_006_friedman_core_k3,Friedman/PMLB-FRI,Friedman-1 core,friedman_core_k3,balanced,moderate_unified_component_ablation,friedman_interaction,x1|x2|x3|x4|x5|x6|x7|x8|x9|x10|x11|x12|x13|x14|x15|x16,x5|x12|x15,5|12|15,10*sin(pi*x5*x12) + 20*(x15 - 0.5)**2,friedman_core_k3,0.0,16,3,moderate_mixed_distractors,x1|x2,1|2,x3|x4|x6,3|4|6,128,128,1024,50006,0.25,0.1,suites/component_ablation/balanced_006_friedman_core_k3,suites/component_ablation/balanced_006_friedman_core_k3/train.csv,suites/component_ablation/balanced_006_friedman_core_k3/val.csv,suites/component_ablation/balanced_006_friedman_core_k3/test.csv,,
7,component_ablation,7,balanced_007_srsd_exp_log_k3,balanced_007_srsd_exp_log_k3,SRSD,SRSD-style exp-log mix,srsd_exp_log_k3,balanced,moderate_unified_component_ablation,exp_log,x1|x2|x3|x4|x5|x6|x7|x8|x9|x10|x11|x12|x13|x14|x15|x16,x2|x8|x15,2|8|15,exp(0.2*x2) + log(1 + x8**2) + x15,srsd_exp_log_k3,0.0,16,3,moderate_mixed_distractors,x1|x3,1|3,x4|x5|x6,4|5|6,128,128,1024,50007,0.25,0.1,suites/component_ablation/balanced_007_srsd_exp_log_k3,suites/component_ablation/balanced_007_srsd_exp_log_k3/train.csv,suites/component_ablation/balanced_007_srsd_exp_log_k3/val.csv,suites/component_ablation/balanced_007_srsd_exp_log_k3/test.csv,,
8,component_ablation,8,balanced_008_nguyen_trig_poly_k3,balanced_008_nguyen_trig_poly_k3,Nguyen,Nguyen-style trig-polynomial mix,nguyen_trig_poly_k3,balanced,moderate_unified_component_ablation,trig_polynomial,x1|x2|x3|x4|x5|x6|x7|x8|x9|x10|x11|x12|x13|x14|x15|x16,x5|x6|x10,5|6|10,x5**2 + x6*sin(x10) + 0.5*x5*x6,nguyen_trig_poly_k3,0.0,16,3,moderate_mixed_distractors,x1|x2,1|2,x3|x4|x7,3|4|7,128,128,1024,50008,0.25,0.1,suites/component_ablation/balanced_008_nguyen_trig_poly_k3,suites/component_ablation/balanced_008_nguyen_trig_poly_k3/train.csv,suites/component_ablation/balanced_008_nguyen_trig_poly_k3/val.csv,suites/component_ablation/balanced_008_nguyen_trig_poly_k3/test.csv,,
9,component_ablation,9,balanced_009_feynman_rational_trig_k4,balanced_009_feynman_rational_trig_k4,Feynman,Feynman-style rational-trig mix,feynman_rational_trig_k4,balanced,moderate_unified_component_ablation,rational_trig,x1|x2|x3|x4|x5|x6|x7|x8|x9|x10|x11|x12|x13|x14|x15|x16|x17|x18|x19|x20,x1|x6|x9|x10,1|6|9|10,(x1 + 0.5*x6**2)/(1 + x9**2) + 0.4*cos(x10),feynman_rational_trig_k4,0.0,20,4,moderate_mixed_distractors,x2|x3|x4,2|3|4,x5|x7|x8,5|7|8,128,128,1024,50009,0.25,0.1,suites/component_ablation/balanced_009_feynman_rational_trig_k4,suites/component_ablation/balanced_009_feynman_rational_trig_k4/train.csv,suites/component_ablation/balanced_009_feynman_rational_trig_k4/val.csv,suites/component_ablation/balanced_009_feynman_rational_trig_k4/test.csv,,
10,component_ablation,10,balanced_010_friedman2_safe_k4,balanced_010_friedman2_safe_k4,Friedman/PMLB-FRI,Friedman-2 safe-range motif,friedman2_safe_k4,balanced,moderate_unified_component_ablation,sqrt_rational,x1|x2|x3|x4|x5|x6|x7|x8|x9|x10|x11|x12|x13|x14|x15|x16|x17|x18|x19|x20,x6|x8|x17|x18,6|8|17|18,sqrt(x6**2 + (x8*x17 - 1/(x8*x18))**2),friedman2_safe_k4,0.0,20,4,moderate_mixed_distractors,x1|x2|x3,1|2|3,x4|x5|x7,4|5|7,128,128,1024,50010,0.25,0.1,suites/component_ablation/balanced_010_friedman2_safe_k4,suites/component_ablation/balanced_010_friedman2_safe_k4/train.csv,suites/component_ablation/balanced_010_friedman2_safe_k4/val.csv,suites/component_ablation/balanced_010_friedman2_safe_k4/test.csv,,
11,component_ablation,11,balanced_011_srsd_energy_like_k4,balanced_011_srsd_energy_like_k4,SRSD,SRSD-style energy relation,srsd_energy_like_k4,balanced,moderate_unified_component_ablation,polynomial_trig,x1|x2|x3|x4|x5|x6|x7|x8|x9|x10|x11|x12|x13|x14|x15|x16|x17|x18|x19|x20,x1|x3|x4|x16,1|3|4|16,x1*x3**2 + 0.1*sin(x4) - 0.3*x16,srsd_energy_like_k4,0.0,20,4,moderate_mixed_distractors,x2|x5|x6,2|5|6,x7|x8|x9,7|8|9,128,128,1024,50011,0.25,0.1,suites/component_ablation/balanced_011_srsd_energy_like_k4,suites/component_ablation/balanced_011_srsd_energy_like_k4/train.csv,suites/component_ablation/balanced_011_srsd_energy_like_k4/val.csv,suites/component_ablation/balanced_011_srsd_energy_like_k4/test.csv,,
12,component_ablation,12,balanced_012_livermore_rational_interaction_k4,balanced_012_livermore_rational_interaction_k4,Livermore,Livermore-style rational interaction,livermore_rational_interaction_k4,balanced,moderate_unified_component_ablation,rational_interaction,x1|x2|x3|x4|x5|x6|x7|x8|x9|x10|x11|x12|x13|x14|x15|x16|x17|x18|x19|x20,x6|x7|x13|x15,6|7|13|15,x6*x7/(1 + x13**2) + sin(x15),livermore_rational_interaction_k4,0.0,20,4,moderate_mixed_distractors,x1|x2|x3,1|2|3,x4|x5|x8,4|5|8,128,128,1024,50012,0.25,0.1,suites/component_ablation/balanced_012_livermore_rational_interaction_k4,suites/component_ablation/balanced_012_livermore_rational_interaction_k4/train.csv,suites/component_ablation/balanced_012_livermore_rational_interaction_k4/val.csv,suites/component_ablation/balanced_012_livermore_rational_interaction_k4/test.csv,,
13,component_ablation,13,balanced_013_feynman_trig_interaction_k2,balanced_013_feynman_trig_interaction_k2,Feynman,Feynman-style trigonometric interaction,feynman_trig_interaction_k2,balanced,moderate_unified_component_ablation,trig_interaction,x1|x2|x3|x4|x5|x6|x7|x8|x9|x10|x11|x12|x13|x14|x15|x16,x1|x12,1|12,1.25*x1 + sin(x12) + 0.35*x1*x12,feynman_trig_interaction_k2,0.0,16,2,moderate_mixed_distractors,x2|x3,2|3,x4|x5,4|5,128,128,1024,50013,0.35,0.14,suites/component_ablation/balanced_013_feynman_trig_interaction_k2,suites/component_ablation/balanced_013_feynman_trig_interaction_k2/train.csv,suites/component_ablation/balanced_013_feynman_trig_interaction_k2/val.csv,suites/component_ablation/balanced_013_feynman_trig_interaction_k2/test.csv,,
14,component_ablation,14,balanced_014_nguyen_rational_k2,balanced_014_nguyen_rational_k2,Nguyen,Nguyen-style rational,nguyen_rational_k2,balanced,moderate_unified_component_ablation,rational,x1|x2|x3|x4|x5|x6|x7|x8|x9|x10|x11|x12|x13|x14|x15|x16,x5|x12,5|12,x5/(1 + x12**2) + 0.5*x12,nguyen_rational_k2,0.0,16,2,moderate_mixed_distractors,x1|x2,1|2,x3|x4,3|4,128,128,1024,50014,0.35,0.14,suites/component_ablation/balanced_014_nguyen_rational_k2,suites/component_ablation/balanced_014_nguyen_rational_k2/train.csv,suites/component_ablation/balanced_014_nguyen_rational_k2/val.csv,suites/component_ablation/balanced_014_nguyen_rational_k2/test.csv,,
15,component_ablation,15,balanced_015_livermore_exp_trig_k2,balanced_015_livermore_exp_trig_k2,Livermore,Livermore-style exp-trig mix,livermore_exp_trig_k2,balanced,moderate_unified_component_ablation,exp_trig,x1|x2|x3|x4|x5|x6|x7|x8|x9|x10|x11|x12|x13|x14|x15|x16,x10|x12,10|12,exp(0.3*x10) - cos(x12),livermore_exp_trig_k2,0.0,16,2,moderate_mixed_distractors,x1|x2,1|2,x3|x4,3|4,128,128,1024,50015,0.35,0.14,suites/component_ablation/balanced_015_livermore_exp_trig_k2,suites/component_ablation/balanced_015_livermore_exp_trig_k2/train.csv,suites/component_ablation/balanced_015_livermore_exp_trig_k2/val.csv,suites/component_ablation/balanced_015_livermore_exp_trig_k2/test.csv,,
16,component_ablation,16,balanced_016_srsd_log_sqrt_k2,balanced_016_srsd_log_sqrt_k2,SRSD,SRSD-style log-sqrt relation,srsd_log_sqrt_k2,balanced,moderate_unified_component_ablation,log_sqrt,x1|x2|x3|x4|x5|x6|x7|x8|x9|x10|x11|x12|x13|x14|x15|x16,x7|x9,7|9,log(1 + x7**2) + sqrt(1 + x9**2),srsd_log_sqrt_k2,0.0,16,2,moderate_mixed_distractors,x1|x2,1|2,x3|x4,3|4,128,128,1024,50016,0.35,0.14,suites/component_ablation/balanced_016_srsd_log_sqrt_k2,suites/component_ablation/balanced_016_srsd_log_sqrt_k2/train.csv,suites/component_ablation/balanced_016_srsd_log_sqrt_k2/val.csv,suites/component_ablation/balanced_016_srsd_log_sqrt_k2/test.csv,,
17,component_ablation,17,balanced_017_feynman_sparse_interaction_k3,balanced_017_feynman_sparse_interaction_k3,Feynman,Feynman-style sparse interaction,feynman_sparse_interaction_k3,balanced,moderate_unified_component_ablation,sparse_interaction,x1|x2|x3|x4|x5|x6|x7|x8|x9|x10|x11|x12|x13|x14|x15|x16|x17|x18|x19|x20,x10|x18|x19,10|18|19,sin(x10) + x18*x19 + 0.25*x19**2,feynman_sparse_interaction_k3,0.0,20,3,moderate_mixed_distractors,x1|x2,1|2,x3|x4|x5,3|4|5,128,128,1024,50017,0.35,0.14,suites/component_ablation/balanced_017_feynman_sparse_interaction_k3,suites/component_ablation/balanced_017_feynman_sparse_interaction_k3/train.csv,suites/component_ablation/balanced_017_feynman_sparse_interaction_k3/val.csv,suites/component_ablation/balanced_017_feynman_sparse_interaction_k3/test.csv,,
18,component_ablation,18,balanced_018_friedman_core_k3,balanced_018_friedman_core_k3,Friedman/PMLB-FRI,Friedman-1 core,friedman_core_k3,balanced,moderate_unified_component_ablation,friedman_interaction,x1|x2|x3|x4|x5|x6|x7|x8|x9|x10|x11|x12|x13|x14|x15|x16|x17|x18|x19|x20,x8|x14|x16,8|14|16,10*sin(pi*x8*x14) + 20*(x16 - 0.5)**2,friedman_core_k3,0.0,20,3,moderate_mixed_distractors,x1|x2,1|2,x3|x4|x5,3|4|5,128,128,1024,50018,0.35,0.14,suites/component_ablation/balanced_018_friedman_core_k3,suites/component_ablation/balanced_018_friedman_core_k3/train.csv,suites/component_ablation/balanced_018_friedman_core_k3/val.csv,suites/component_ablation/balanced_018_friedman_core_k3/test.csv,,
19,component_ablation,19,balanced_019_srsd_exp_log_k3,balanced_019_srsd_exp_log_k3,SRSD,SRSD-style exp-log mix,srsd_exp_log_k3,balanced,moderate_unified_component_ablation,exp_log,x1|x2|x3|x4|x5|x6|x7|x8|x9|x10|x11|x12|x13|x14|x15|x16|x17|x18|x19|x20,x6|x7|x11,6|7|11,exp(0.2*x6) + log(1 + x7**2) + x11,srsd_exp_log_k3,0.0,20,3,moderate_mixed_distractors,x1|x2,1|2,x3|x4|x5,3|4|5,128,128,1024,50019,0.35,0.14,suites/component_ablation/balanced_019_srsd_exp_log_k3,suites/component_ablation/balanced_019_srsd_exp_log_k3/train.csv,suites/component_ablation/balanced_019_srsd_exp_log_k3/val.csv,suites/component_ablation/balanced_019_srsd_exp_log_k3/test.csv,,
20,component_ablation,20,balanced_020_nguyen_trig_poly_k3,balanced_020_nguyen_trig_poly_k3,Nguyen,Nguyen-style trig-polynomial mix,nguyen_trig_poly_k3,balanced,moderate_unified_component_ablation,trig_polynomial,x1|x2|x3|x4|x5|x6|x7|x8|x9|x10|x11|x12|x13|x14|x15|x16|x17|x18|x19|x20,x3|x14|x20,3|14|20,x3**2 + x14*sin(x20) + 0.5*x3*x14,nguyen_trig_poly_k3,0.0,20,3,moderate_mixed_distractors,x1|x2,1|2,x4|x5|x6,4|5|6,128,128,1024,50020,0.35,0.14,suites/component_ablation/balanced_020_nguyen_trig_poly_k3,suites/component_ablation/balanced_020_nguyen_trig_poly_k3/train.csv,suites/component_ablation/balanced_020_nguyen_trig_poly_k3/val.csv,suites/component_ablation/balanced_020_nguyen_trig_poly_k3/test.csv,,
21,component_ablation,21,balanced_021_feynman_rational_trig_k4,balanced_021_feynman_rational_trig_k4,Feynman,Feynman-style rational-trig mix,feynman_rational_trig_k4,balanced,moderate_unified_component_ablation,rational_trig,x1|x2|x3|x4|x5|x6|x7|x8|x9|x10|x11|x12|x13|x14|x15|x16|x17|x18|x19|x20|x21|x22|x23|x24,x4|x11|x13|x23,4|11|13|23,(x4 + 0.5*x11**2)/(1 + x13**2) + 0.4*cos(x23),feynman_rational_trig_k4,0.0,24,4,moderate_mixed_distractors,x1|x2|x3,1|2|3,x5|x6|x7,5|6|7,128,128,1024,50021,0.35,0.14,suites/component_ablation/balanced_021_feynman_rational_trig_k4,suites/component_ablation/balanced_021_feynman_rational_trig_k4/train.csv,suites/component_ablation/balanced_021_feynman_rational_trig_k4/val.csv,suites/component_ablation/balanced_021_feynman_rational_trig_k4/test.csv,,
22,component_ablation,22,balanced_022_friedman2_safe_k4,balanced_022_friedman2_safe_k4,Friedman/PMLB-FRI,Friedman-2 safe-range motif,friedman2_safe_k4,balanced,moderate_unified_component_ablation,sqrt_rational,x1|x2|x3|x4|x5|x6|x7|x8|x9|x10|x11|x12|x13|x14|x15|x16|x17|x18|x19|x20|x21|x22|x23|x24,x6|x10|x11|x22,6|10|11|22,sqrt(x6**2 + (x10*x11 - 1/(x10*x22))**2),friedman2_safe_k4,0.0,24,4,moderate_mixed_distractors,x1|x2|x3,1|2|3,x4|x5|x7,4|5|7,128,128,1024,50022,0.35,0.14,suites/component_ablation/balanced_022_friedman2_safe_k4,suites/component_ablation/balanced_022_friedman2_safe_k4/train.csv,suites/component_ablation/balanced_022_friedman2_safe_k4/val.csv,suites/component_ablation/balanced_022_friedman2_safe_k4/test.csv,,
23,component_ablation,23,balanced_023_srsd_energy_like_k4,balanced_023_srsd_energy_like_k4,SRSD,SRSD-style energy relation,srsd_energy_like_k4,balanced,moderate_unified_component_ablation,polynomial_trig,x1|x2|x3|x4|x5|x6|x7|x8|x9|x10|x11|x12|x13|x14|x15|x16|x17|x18|x19|x20|x21|x22|x23|x24,x6|x8|x18|x21,6|8|18|21,x6*x8**2 + 0.1*sin(x18) - 0.3*x21,srsd_energy_like_k4,0.0,24,4,moderate_mixed_distractors,x1|x2|x3,1|2|3,x4|x5|x7,4|5|7,128,128,1024,50023,0.35,0.14,suites/component_ablation/balanced_023_srsd_energy_like_k4,suites/component_ablation/balanced_023_srsd_energy_like_k4/train.csv,suites/component_ablation/balanced_023_srsd_energy_like_k4/val.csv,suites/component_ablation/balanced_023_srsd_energy_like_k4/test.csv,,
24,component_ablation,24,balanced_024_livermore_rational_interaction_k4,balanced_024_livermore_rational_interaction_k4,Livermore,Livermore-style rational interaction,livermore_rational_interaction_k4,balanced,moderate_unified_component_ablation,rational_interaction,x1|x2|x3|x4|x5|x6|x7|x8|x9|x10|x11|x12|x13|x14|x15|x16|x17|x18|x19|x20|x21|x22|x23|x24,x10|x14|x17|x20,10|14|17|20,x10*x14/(1 + x17**2) + sin(x20),livermore_rational_interaction_k4,0.0,24,4,moderate_mixed_distractors,x1|x2|x3,1|2|3,x4|x5|x6,4|5|6,128,128,1024,50024,0.35,0.14,suites/component_ablation/balanced_024_livermore_rational_interaction_k4,suites/component_ablation/balanced_024_livermore_rational_interaction_k4/train.csv,suites/component_ablation/balanced_024_livermore_rational_interaction_k4/val.csv,suites/component_ablation/balanced_024_livermore_rational_interaction_k4/test.csv,,
25,component_ablation,25,balanced_025_feynman_trig_interaction_k2,balanced_025_feynman_trig_interaction_k2,Feynman,Feynman-style trigonometric interaction,feynman_trig_interaction_k2,balanced,moderate_unified_component_ablation,trig_interaction,x1|x2|x3|x4|x5|x6|x7|x8|x9|x10|x11|x12|x13|x14|x15|x16|x17|x18|x19|x20,x1|x15,1|15,1.25*x1 + sin(x15) + 0.35*x1*x15,feynman_trig_interaction_k2,0.0,20,2,moderate_mixed_distractors,x2|x3,2|3,x4|x5,4|5,128,128,1024,50025,0.45,0.18,suites/component_ablation/balanced_025_feynman_trig_interaction_k2,suites/component_ablation/balanced_025_feynman_trig_interaction_k2/train.csv,suites/component_ablation/balanced_025_feynman_trig_interaction_k2/val.csv,suites/component_ablation/balanced_025_feynman_trig_interaction_k2/test.csv,,
26,component_ablation,26,balanced_026_nguyen_rational_k2,balanced_026_nguyen_rational_k2,Nguyen,Nguyen-style rational,nguyen_rational_k2,balanced,moderate_unified_component_ablation,rational,x1|x2|x3|x4|x5|x6|x7|x8|x9|x10|x11|x12|x13|x14|x15|x16|x17|x18|x19|x20,x6|x14,6|14,x6/(1 + x14**2) + 0.5*x14,nguyen_rational_k2,0.0,20,2,moderate_mixed_distractors,x1|x2,1|2,x3|x4,3|4,128,128,1024,50026,0.45,0.18,suites/component_ablation/balanced_026_nguyen_rational_k2,suites/component_ablation/balanced_026_nguyen_rational_k2/train.csv,suites/component_ablation/balanced_026_nguyen_rational_k2/val.csv,suites/component_ablation/balanced_026_nguyen_rational_k2/test.csv,,
27,component_ablation,27,balanced_027_livermore_exp_trig_k2,balanced_027_livermore_exp_trig_k2,Livermore,Livermore-style exp-trig mix,livermore_exp_trig_k2,balanced,moderate_unified_component_ablation,exp_trig,x1|x2|x3|x4|x5|x6|x7|x8|x9|x10|x11|x12|x13|x14|x15|x16|x17|x18|x19|x20,x6|x10,6|10,exp(0.3*x6) - cos(x10),livermore_exp_trig_k2,0.0,20,2,moderate_mixed_distractors,x1|x2,1|2,x3|x4,3|4,128,128,1024,50027,0.45,0.18,suites/component_ablation/balanced_027_livermore_exp_trig_k2,suites/component_ablation/balanced_027_livermore_exp_trig_k2/train.csv,suites/component_ablation/balanced_027_livermore_exp_trig_k2/val.csv,suites/component_ablation/balanced_027_livermore_exp_trig_k2/test.csv,,
28,component_ablation,28,balanced_028_srsd_log_sqrt_k2,balanced_028_srsd_log_sqrt_k2,SRSD,SRSD-style log-sqrt relation,srsd_log_sqrt_k2,balanced,moderate_unified_component_ablation,log_sqrt,x1|x2|x3|x4|x5|x6|x7|x8|x9|x10|x11|x12|x13|x14|x15|x16|x17|x18|x19|x20,x16|x19,16|19,log(1 + x16**2) + sqrt(1 + x19**2),srsd_log_sqrt_k2,0.0,20,2,moderate_mixed_distractors,x1|x2,1|2,x3|x4,3|4,128,128,1024,50028,0.45,0.18,suites/component_ablation/balanced_028_srsd_log_sqrt_k2,suites/component_ablation/balanced_028_srsd_log_sqrt_k2/train.csv,suites/component_ablation/balanced_028_srsd_log_sqrt_k2/val.csv,suites/component_ablation/balanced_028_srsd_log_sqrt_k2/test.csv,,
29,component_ablation,29,balanced_029_feynman_sparse_interaction_k3,balanced_029_feynman_sparse_interaction_k3,Feynman,Feynman-style sparse interaction,feynman_sparse_interaction_k3,balanced,moderate_unified_component_ablation,sparse_interaction,x1|x2|x3|x4|x5|x6|x7|x8|x9|x10|x11|x12|x13|x14|x15|x16|x17|x18|x19|x20|x21|x22|x23|x24,x8|x11|x16,8|11|16,sin(x8) + x11*x16 + 0.25*x16**2,feynman_sparse_interaction_k3,0.0,24,3,moderate_mixed_distractors,x1|x2,1|2,x3|x4|x5,3|4|5,128,128,1024,50029,0.45,0.18,suites/component_ablation/balanced_029_feynman_sparse_interaction_k3,suites/component_ablation/balanced_029_feynman_sparse_interaction_k3/train.csv,suites/component_ablation/balanced_029_feynman_sparse_interaction_k3/val.csv,suites/component_ablation/balanced_029_feynman_sparse_interaction_k3/test.csv,,
30,component_ablation,30,balanced_030_friedman_core_k3,balanced_030_friedman_core_k3,Friedman/PMLB-FRI,Friedman-1 core,friedman_core_k3,balanced,moderate_unified_component_ablation,friedman_interaction,x1|x2|x3|x4|x5|x6|x7|x8|x9|x10|x11|x12|x13|x14|x15|x16|x17|x18|x19|x20|x21|x22|x23|x24,x8|x15|x16,8|15|16,10*sin(pi*x8*x15) + 20*(x16 - 0.5)**2,friedman_core_k3,0.0,24,3,moderate_mixed_distractors,x1|x2,1|2,x3|x4|x5,3|4|5,128,128,1024,50030,0.45,0.18,suites/component_ablation/balanced_030_friedman_core_k3,suites/component_ablation/balanced_030_friedman_core_k3/train.csv,suites/component_ablation/balanced_030_friedman_core_k3/val.csv,suites/component_ablation/balanced_030_friedman_core_k3/test.csv,,
31,component_ablation,31,balanced_031_srsd_exp_log_k3,balanced_031_srsd_exp_log_k3,SRSD,SRSD-style exp-log mix,srsd_exp_log_k3,balanced,moderate_unified_component_ablation,exp_log,x1|x2|x3|x4|x5|x6|x7|x8|x9|x10|x11|x12|x13|x14|x15|x16|x17|x18|x19|x20|x21|x22|x23|x24,x6|x8|x9,6|8|9,exp(0.2*x6) + log(1 + x8**2) + x9,srsd_exp_log_k3,0.0,24,3,moderate_mixed_distractors,x1|x2,1|2,x3|x4|x5,3|4|5,128,128,1024,50031,0.45,0.18,suites/component_ablation/balanced_031_srsd_exp_log_k3,suites/component_ablation/balanced_031_srsd_exp_log_k3/train.csv,suites/component_ablation/balanced_031_srsd_exp_log_k3/val.csv,suites/component_ablation/balanced_031_srsd_exp_log_k3/test.csv,,
32,component_ablation,32,balanced_032_nguyen_trig_poly_k3,balanced_032_nguyen_trig_poly_k3,Nguyen,Nguyen-style trig-polynomial mix,nguyen_trig_poly_k3,balanced,moderate_unified_component_ablation,trig_polynomial,x1|x2|x3|x4|x5|x6|x7|x8|x9|x10|x11|x12|x13|x14|x15|x16|x17|x18|x19|x20|x21|x22|x23|x24,x1|x12|x17,1|12|17,x1**2 + x12*sin(x17) + 0.5*x1*x12,nguyen_trig_poly_k3,0.0,24,3,moderate_mixed_distractors,x2|x3,2|3,x4|x5|x6,4|5|6,128,128,1024,50032,0.45,0.18,suites/component_ablation/balanced_032_nguyen_trig_poly_k3,suites/component_ablation/balanced_032_nguyen_trig_poly_k3/train.csv,suites/component_ablation/balanced_032_nguyen_trig_poly_k3/val.csv,suites/component_ablation/balanced_032_nguyen_trig_poly_k3/test.csv,,
33,component_ablation,33,balanced_033_feynman_rational_trig_k4,balanced_033_feynman_rational_trig_k4,Feynman,Feynman-style rational-trig mix,feynman_rational_trig_k4,balanced,moderate_unified_component_ablation,rational_trig,x1|x2|x3|x4|x5|x6|x7|x8|x9|x10|x11|x12|x13|x14|x15|x16|x17|x18|x19|x20|x21|x22|x23|x24|x25|x26|x27|x28,x3|x6|x8|x17,3|6|8|17,(x3 + 0.5*x6**2)/(1 + x8**2) + 0.4*cos(x17),feynman_rational_trig_k4,0.0,28,4,moderate_mixed_distractors,x1|x2|x4,1|2|4,x5|x7|x9,5|7|9,128,128,1024,50033,0.45,0.18,suites/component_ablation/balanced_033_feynman_rational_trig_k4,suites/component_ablation/balanced_033_feynman_rational_trig_k4/train.csv,suites/component_ablation/balanced_033_feynman_rational_trig_k4/val.csv,suites/component_ablation/balanced_033_feynman_rational_trig_k4/test.csv,,
34,component_ablation,34,balanced_034_friedman2_safe_k4,balanced_034_friedman2_safe_k4,Friedman/PMLB-FRI,Friedman-2 safe-range motif,friedman2_safe_k4,balanced,moderate_unified_component_ablation,sqrt_rational,x1|x2|x3|x4|x5|x6|x7|x8|x9|x10|x11|x12|x13|x14|x15|x16|x17|x18|x19|x20|x21|x22|x23|x24|x25|x26|x27|x28,x3|x8|x10|x16,3|8|10|16,sqrt(x3**2 + (x8*x10 - 1/(x8*x16))**2),friedman2_safe_k4,0.0,28,4,moderate_mixed_distractors,x1|x2|x4,1|2|4,x5|x6|x7,5|6|7,128,128,1024,50034,0.45,0.18,suites/component_ablation/balanced_034_friedman2_safe_k4,suites/component_ablation/balanced_034_friedman2_safe_k4/train.csv,suites/component_ablation/balanced_034_friedman2_safe_k4/val.csv,suites/component_ablation/balanced_034_friedman2_safe_k4/test.csv,,
35,component_ablation,35,balanced_035_srsd_energy_like_k4,balanced_035_srsd_energy_like_k4,SRSD,SRSD-style energy relation,srsd_energy_like_k4,balanced,moderate_unified_component_ablation,polynomial_trig,x1|x2|x3|x4|x5|x6|x7|x8|x9|x10|x11|x12|x13|x14|x15|x16|x17|x18|x19|x20|x21|x22|x23|x24|x25|x26|x27|x28,x1|x11|x12|x18,1|11|12|18,x1*x11**2 + 0.1*sin(x12) - 0.3*x18,srsd_energy_like_k4,0.0,28,4,moderate_mixed_distractors,x2|x3|x4,2|3|4,x5|x6|x7,5|6|7,128,128,1024,50035,0.45,0.18,suites/component_ablation/balanced_035_srsd_energy_like_k4,suites/component_ablation/balanced_035_srsd_energy_like_k4/train.csv,suites/component_ablation/balanced_035_srsd_energy_like_k4/val.csv,suites/component_ablation/balanced_035_srsd_energy_like_k4/test.csv,,
36,component_ablation,36,balanced_036_livermore_rational_interaction_k4,balanced_036_livermore_rational_interaction_k4,Livermore,Livermore-style rational interaction,livermore_rational_interaction_k4,balanced,moderate_unified_component_ablation,rational_interaction,x1|x2|x3|x4|x5|x6|x7|x8|x9|x10|x11|x12|x13|x14|x15|x16|x17|x18|x19|x20|x21|x22|x23|x24|x25|x26|x27|x28,x8|x11|x12|x14,8|11|12|14,x8*x11/(1 + x12**2) + sin(x14),livermore_rational_interaction_k4,0.0,28,4,moderate_mixed_distractors,x1|x2|x3,1|2|3,x4|x5|x6,4|5|6,128,128,1024,50036,0.45,0.18,suites/component_ablation/balanced_036_livermore_rational_interaction_k4,suites/component_ablation/balanced_036_livermore_rational_interaction_k4/train.csv,suites/component_ablation/balanced_036_livermore_rational_interaction_k4/val.csv,suites/component_ablation/balanced_036_livermore_rational_interaction_k4/test.csv,,
37,component_ablation,37,balanced_037_feynman_trig_interaction_k2,balanced_037_feynman_trig_interaction_k2,Feynman,Feynman-style trigonometric interaction,feynman_trig_interaction_k2,balanced,moderate_unified_component_ablation,trig_interaction,x1|x2|x3|x4|x5|x6|x7|x8|x9|x10|x11|x12,x3|x12,3|12,1.25*x3 + sin(x12) + 0.35*x3*x12,feynman_trig_interaction_k2,0.0,12,2,moderate_mixed_distractors,x1|x2,1|2,x4|x5,4|5,128,128,1024,50037,0.55,0.1,suites/component_ablation/balanced_037_feynman_trig_interaction_k2,suites/component_ablation/balanced_037_feynman_trig_interaction_k2/train.csv,suites/component_ablation/balanced_037_feynman_trig_interaction_k2/val.csv,suites/component_ablation/balanced_037_feynman_trig_interaction_k2/test.csv,,
38,component_ablation,38,balanced_038_nguyen_rational_k2,balanced_038_nguyen_rational_k2,Nguyen,Nguyen-style rational,nguyen_rational_k2,balanced,moderate_unified_component_ablation,rational,x1|x2|x3|x4|x5|x6|x7|x8|x9|x10|x11|x12,x8|x12,8|12,x8/(1 + x12**2) + 0.5*x12,nguyen_rational_k2,0.0,12,2,moderate_mixed_distractors,x1|x2,1|2,x3|x4,3|4,128,128,1024,50038,0.55,0.1,suites/component_ablation/balanced_038_nguyen_rational_k2,suites/component_ablation/balanced_038_nguyen_rational_k2/train.csv,suites/component_ablation/balanced_038_nguyen_rational_k2/val.csv,suites/component_ablation/balanced_038_nguyen_rational_k2/test.csv,,
39,component_ablation,39,balanced_039_livermore_exp_trig_k2,balanced_039_livermore_exp_trig_k2,Livermore,Livermore-style exp-trig mix,livermore_exp_trig_k2,balanced,moderate_unified_component_ablation,exp_trig,x1|x2|x3|x4|x5|x6|x7|x8|x9|x10|x11|x12,x4|x5,4|5,exp(0.3*x4) - cos(x5),livermore_exp_trig_k2,0.0,12,2,moderate_mixed_distractors,x1|x2,1|2,x3|x6,3|6,128,128,1024,50039,0.55,0.1,suites/component_ablation/balanced_039_livermore_exp_trig_k2,suites/component_ablation/balanced_039_livermore_exp_trig_k2/train.csv,suites/component_ablation/balanced_039_livermore_exp_trig_k2/val.csv,suites/component_ablation/balanced_039_livermore_exp_trig_k2/test.csv,,
40,component_ablation,40,balanced_040_srsd_log_sqrt_k2,balanced_040_srsd_log_sqrt_k2,SRSD,SRSD-style log-sqrt relation,srsd_log_sqrt_k2,balanced,moderate_unified_component_ablation,log_sqrt,x1|x2|x3|x4|x5|x6|x7|x8|x9|x10|x11|x12,x1|x12,1|12,log(1 + x1**2) + sqrt(1 + x12**2),srsd_log_sqrt_k2,0.0,12,2,moderate_mixed_distractors,x2|x3,2|3,x4|x5,4|5,128,128,1024,50040,0.55,0.1,suites/component_ablation/balanced_040_srsd_log_sqrt_k2,suites/component_ablation/balanced_040_srsd_log_sqrt_k2/train.csv,suites/component_ablation/balanced_040_srsd_log_sqrt_k2/val.csv,suites/component_ablation/balanced_040_srsd_log_sqrt_k2/test.csv,,
41,component_ablation,41,balanced_041_feynman_sparse_interaction_k3,balanced_041_feynman_sparse_interaction_k3,Feynman,Feynman-style sparse interaction,feynman_sparse_interaction_k3,balanced,moderate_unified_component_ablation,sparse_interaction,x1|x2|x3|x4|x5|x6|x7|x8|x9|x10|x11|x12|x13|x14|x15|x16,x6|x9|x15,6|9|15,sin(x6) + x9*x15 + 0.25*x15**2,feynman_sparse_interaction_k3,0.0,16,3,moderate_mixed_distractors,x1|x2,1|2,x3|x4|x5,3|4|5,128,128,1024,50041,0.55,0.1,suites/component_ablation/balanced_041_feynman_sparse_interaction_k3,suites/component_ablation/balanced_041_feynman_sparse_interaction_k3/train.csv,suites/component_ablation/balanced_041_feynman_sparse_interaction_k3/val.csv,suites/component_ablation/balanced_041_feynman_sparse_interaction_k3/test.csv,,
42,component_ablation,42,balanced_042_friedman_core_k3,balanced_042_friedman_core_k3,Friedman/PMLB-FRI,Friedman-1 core,friedman_core_k3,balanced,moderate_unified_component_ablation,friedman_interaction,x1|x2|x3|x4|x5|x6|x7|x8|x9|x10|x11|x12|x13|x14|x15|x16,x4|x5|x7,4|5|7,10*sin(pi*x4*x5) + 20*(x7 - 0.5)**2,friedman_core_k3,0.0,16,3,moderate_mixed_distractors,x1|x2,1|2,x3|x6|x8,3|6|8,128,128,1024,50042,0.55,0.1,suites/component_ablation/balanced_042_friedman_core_k3,suites/component_ablation/balanced_042_friedman_core_k3/train.csv,suites/component_ablation/balanced_042_friedman_core_k3/val.csv,suites/component_ablation/balanced_042_friedman_core_k3/test.csv,,
43,component_ablation,43,balanced_043_srsd_exp_log_k3,balanced_043_srsd_exp_log_k3,SRSD,SRSD-style exp-log mix,srsd_exp_log_k3,balanced,moderate_unified_component_ablation,exp_log,x1|x2|x3|x4|x5|x6|x7|x8|x9|x10|x11|x12|x13|x14|x15|x16,x4|x8|x10,4|8|10,exp(0.2*x4) + log(1 + x8**2) + x10,srsd_exp_log_k3,0.0,16,3,moderate_mixed_distractors,x1|x2,1|2,x3|x5|x6,3|5|6,128,128,1024,50043,0.55,0.1,suites/component_ablation/balanced_043_srsd_exp_log_k3,suites/component_ablation/balanced_043_srsd_exp_log_k3/train.csv,suites/component_ablation/balanced_043_srsd_exp_log_k3/val.csv,suites/component_ablation/balanced_043_srsd_exp_log_k3/test.csv,,
44,component_ablation,44,balanced_044_nguyen_trig_poly_k3,balanced_044_nguyen_trig_poly_k3,Nguyen,Nguyen-style trig-polynomial mix,nguyen_trig_poly_k3,balanced,moderate_unified_component_ablation,trig_polynomial,x1|x2|x3|x4|x5|x6|x7|x8|x9|x10|x11|x12|x13|x14|x15|x16,x5|x7|x15,5|7|15,x5**2 + x7*sin(x15) + 0.5*x5*x7,nguyen_trig_poly_k3,0.0,16,3,moderate_mixed_distractors,x1|x2,1|2,x3|x4|x6,3|4|6,128,128,1024,50044,0.55,0.1,suites/component_ablation/balanced_044_nguyen_trig_poly_k3,suites/component_ablation/balanced_044_nguyen_trig_poly_k3/train.csv,suites/component_ablation/balanced_044_nguyen_trig_poly_k3/val.csv,suites/component_ablation/balanced_044_nguyen_trig_poly_k3/test.csv,,
45,component_ablation,45,balanced_045_feynman_rational_trig_k4,balanced_045_feynman_rational_trig_k4,Feynman,Feynman-style rational-trig mix,feynman_rational_trig_k4,balanced,moderate_unified_component_ablation,rational_trig,x1|x2|x3|x4|x5|x6|x7|x8|x9|x10|x11|x12|x13|x14|x15|x16|x17|x18|x19|x20,x2|x13|x19|x20,2|13|19|20,(x2 + 0.5*x13**2)/(1 + x19**2) + 0.4*cos(x20),feynman_rational_trig_k4,0.0,20,4,moderate_mixed_distractors,x1|x3|x4,1|3|4,x5|x6|x7,5|6|7,128,128,1024,50045,0.55,0.1,suites/component_ablation/balanced_045_feynman_rational_trig_k4,suites/component_ablation/balanced_045_feynman_rational_trig_k4/train.csv,suites/component_ablation/balanced_045_feynman_rational_trig_k4/val.csv,suites/component_ablation/balanced_045_feynman_rational_trig_k4/test.csv,,
46,component_ablation,46,balanced_046_friedman2_safe_k4,balanced_046_friedman2_safe_k4,Friedman/PMLB-FRI,Friedman-2 safe-range motif,friedman2_safe_k4,balanced,moderate_unified_component_ablation,sqrt_rational,x1|x2|x3|x4|x5|x6|x7|x8|x9|x10|x11|x12|x13|x14|x15|x16|x17|x18|x19|x20,x4|x5|x10|x16,4|5|10|16,sqrt(x4**2 + (x5*x10 - 1/(x5*x16))**2),friedman2_safe_k4,0.0,20,4,moderate_mixed_distractors,x1|x2|x3,1|2|3,x6|x7|x8,6|7|8,128,128,1024,50046,0.55,0.1,suites/component_ablation/balanced_046_friedman2_safe_k4,suites/component_ablation/balanced_046_friedman2_safe_k4/train.csv,suites/component_ablation/balanced_046_friedman2_safe_k4/val.csv,suites/component_ablation/balanced_046_friedman2_safe_k4/test.csv,,
47,component_ablation,47,balanced_047_srsd_energy_like_k4,balanced_047_srsd_energy_like_k4,SRSD,SRSD-style energy relation,srsd_energy_like_k4,balanced,moderate_unified_component_ablation,polynomial_trig,x1|x2|x3|x4|x5|x6|x7|x8|x9|x10|x11|x12|x13|x14|x15|x16|x17|x18|x19|x20,x3|x15|x16|x17,3|15|16|17,x3*x15**2 + 0.1*sin(x16) - 0.3*x17,srsd_energy_like_k4,0.0,20,4,moderate_mixed_distractors,x1|x2|x4,1|2|4,x5|x6|x7,5|6|7,128,128,1024,50047,0.55,0.1,suites/component_ablation/balanced_047_srsd_energy_like_k4,suites/component_ablation/balanced_047_srsd_energy_like_k4/train.csv,suites/component_ablation/balanced_047_srsd_energy_like_k4/val.csv,suites/component_ablation/balanced_047_srsd_energy_like_k4/test.csv,,
48,component_ablation,48,balanced_048_livermore_rational_interaction_k4,balanced_048_livermore_rational_interaction_k4,Livermore,Livermore-style rational interaction,livermore_rational_interaction_k4,balanced,moderate_unified_component_ablation,rational_interaction,x1|x2|x3|x4|x5|x6|x7|x8|x9|x10|x11|x12|x13|x14|x15|x16|x17|x18|x19|x20,x2|x5|x9|x19,2|5|9|19,x2*x5/(1 + x9**2) + sin(x19),livermore_rational_interaction_k4,0.0,20,4,moderate_mixed_distractors,x1|x3|x4,1|3|4,x6|x7|x8,6|7|8,128,128,1024,50048,0.55,0.1,suites/component_ablation/balanced_048_livermore_rational_interaction_k4,suites/component_ablation/balanced_048_livermore_rational_interaction_k4/train.csv,suites/component_ablation/balanced_048_livermore_rational_interaction_k4/val.csv,suites/component_ablation/balanced_048_livermore_rational_interaction_k4/test.csv,,
49,component_ablation,49,balanced_049_feynman_trig_interaction_k2,balanced_049_feynman_trig_interaction_k2,Feynman,Feynman-style trigonometric interaction,feynman_trig_interaction_k2,balanced,moderate_unified_component_ablation,trig_interaction,x1|x2|x3|x4|x5|x6|x7|x8|x9|x10|x11|x12|x13|x14|x15|x16,x8|x14,8|14,1.25*x8 + sin(x14) + 0.35*x8*x14,feynman_trig_interaction_k2,0.0,16,2,moderate_mixed_distractors,x1|x2,1|2,x3|x4,3|4,128,128,1024,50049,0.25,0.14,suites/component_ablation/balanced_049_feynman_trig_interaction_k2,suites/component_ablation/balanced_049_feynman_trig_interaction_k2/train.csv,suites/component_ablation/balanced_049_feynman_trig_interaction_k2/val.csv,suites/component_ablation/balanced_049_feynman_trig_interaction_k2/test.csv,,
50,component_ablation,50,balanced_050_nguyen_rational_k2,balanced_050_nguyen_rational_k2,Nguyen,Nguyen-style rational,nguyen_rational_k2,balanced,moderate_unified_component_ablation,rational,x1|x2|x3|x4|x5|x6|x7|x8|x9|x10|x11|x12|x13|x14|x15|x16,x2|x3,2|3,x2/(1 + x3**2) + 0.5*x3,nguyen_rational_k2,0.0,16,2,moderate_mixed_distractors,x1|x4,1|4,x5|x6,5|6,128,128,1024,50050,0.25,0.14,suites/component_ablation/balanced_050_nguyen_rational_k2,suites/component_ablation/balanced_050_nguyen_rational_k2/train.csv,suites/component_ablation/balanced_050_nguyen_rational_k2/val.csv,suites/component_ablation/balanced_050_nguyen_rational_k2/test.csv,,
51,component_ablation,51,balanced_051_livermore_exp_trig_k2,balanced_051_livermore_exp_trig_k2,Livermore,Livermore-style exp-trig mix,livermore_exp_trig_k2,balanced,moderate_unified_component_ablation,exp_trig,x1|x2|x3|x4|x5|x6|x7|x8|x9|x10|x11|x12|x13|x14|x15|x16,x4|x9,4|9,exp(0.3*x4) - cos(x9),livermore_exp_trig_k2,0.0,16,2,moderate_mixed_distractors,x1|x2,1|2,x3|x5,3|5,128,128,1024,50051,0.25,0.14,suites/component_ablation/balanced_051_livermore_exp_trig_k2,suites/component_ablation/balanced_051_livermore_exp_trig_k2/train.csv,suites/component_ablation/balanced_051_livermore_exp_trig_k2/val.csv,suites/component_ablation/balanced_051_livermore_exp_trig_k2/test.csv,,
52,component_ablation,52,balanced_052_srsd_log_sqrt_k2,balanced_052_srsd_log_sqrt_k2,SRSD,SRSD-style log-sqrt relation,srsd_log_sqrt_k2,balanced,moderate_unified_component_ablation,log_sqrt,x1|x2|x3|x4|x5|x6|x7|x8|x9|x10|x11|x12|x13|x14|x15|x16,x3|x14,3|14,log(1 + x3**2) + sqrt(1 + x14**2),srsd_log_sqrt_k2,0.0,16,2,moderate_mixed_distractors,x1|x2,1|2,x4|x5,4|5,128,128,1024,50052,0.25,0.14,suites/component_ablation/balanced_052_srsd_log_sqrt_k2,suites/component_ablation/balanced_052_srsd_log_sqrt_k2/train.csv,suites/component_ablation/balanced_052_srsd_log_sqrt_k2/val.csv,suites/component_ablation/balanced_052_srsd_log_sqrt_k2/test.csv,,
53,component_ablation,53,balanced_053_feynman_sparse_interaction_k3,balanced_053_feynman_sparse_interaction_k3,Feynman,Feynman-style sparse interaction,feynman_sparse_interaction_k3,balanced,moderate_unified_component_ablation,sparse_interaction,x1|x2|x3|x4|x5|x6|x7|x8|x9|x10|x11|x12|x13|x14|x15|x16|x17|x18|x19|x20,x10|x12|x18,10|12|18,sin(x10) + x12*x18 + 0.25*x18**2,feynman_sparse_interaction_k3,0.0,20,3,moderate_mixed_distractors,x1|x2,1|2,x3|x4|x5,3|4|5,128,128,1024,50053,0.25,0.14,suites/component_ablation/balanced_053_feynman_sparse_interaction_k3,suites/component_ablation/balanced_053_feynman_sparse_interaction_k3/train.csv,suites/component_ablation/balanced_053_feynman_sparse_interaction_k3/val.csv,suites/component_ablation/balanced_053_feynman_sparse_interaction_k3/test.csv,,
54,component_ablation,54,balanced_054_friedman_core_k3,balanced_054_friedman_core_k3,Friedman/PMLB-FRI,Friedman-1 core,friedman_core_k3,balanced,moderate_unified_component_ablation,friedman_interaction,x1|x2|x3|x4|x5|x6|x7|x8|x9|x10|x11|x12|x13|x14|x15|x16|x17|x18|x19|x20,x4|x11|x12,4|11|12,10*sin(pi*x4*x11) + 20*(x12 - 0.5)**2,friedman_core_k3,0.0,20,3,moderate_mixed_distractors,x1|x2,1|2,x3|x5|x6,3|5|6,128,128,1024,50054,0.25,0.14,suites/component_ablation/balanced_054_friedman_core_k3,suites/component_ablation/balanced_054_friedman_core_k3/train.csv,suites/component_ablation/balanced_054_friedman_core_k3/val.csv,suites/component_ablation/balanced_054_friedman_core_k3/test.csv,,
55,component_ablation,55,balanced_055_srsd_exp_log_k3,balanced_055_srsd_exp_log_k3,SRSD,SRSD-style exp-log mix,srsd_exp_log_k3,balanced,moderate_unified_component_ablation,exp_log,x1|x2|x3|x4|x5|x6|x7|x8|x9|x10|x11|x12|x13|x14|x15|x16|x17|x18|x19|x20,x10|x12|x13,10|12|13,exp(0.2*x10) + log(1 + x12**2) + x13,srsd_exp_log_k3,0.0,20,3,moderate_mixed_distractors,x1|x2,1|2,x3|x4|x5,3|4|5,128,128,1024,50055,0.25,0.14,suites/component_ablation/balanced_055_srsd_exp_log_k3,suites/component_ablation/balanced_055_srsd_exp_log_k3/train.csv,suites/component_ablation/balanced_055_srsd_exp_log_k3/val.csv,suites/component_ablation/balanced_055_srsd_exp_log_k3/test.csv,,
56,component_ablation,56,balanced_056_nguyen_trig_poly_k3,balanced_056_nguyen_trig_poly_k3,Nguyen,Nguyen-style trig-polynomial mix,nguyen_trig_poly_k3,balanced,moderate_unified_component_ablation,trig_polynomial,x1|x2|x3|x4|x5|x6|x7|x8|x9|x10|x11|x12|x13|x14|x15|x16|x17|x18|x19|x20,x3|x11|x16,3|11|16,x3**2 + x11*sin(x16) + 0.5*x3*x11,nguyen_trig_poly_k3,0.0,20,3,moderate_mixed_distractors,x1|x2,1|2,x4|x5|x6,4|5|6,128,128,1024,50056,0.25,0.14,suites/component_ablation/balanced_056_nguyen_trig_poly_k3,suites/component_ablation/balanced_056_nguyen_trig_poly_k3/train.csv,suites/component_ablation/balanced_056_nguyen_trig_poly_k3/val.csv,suites/component_ablation/balanced_056_nguyen_trig_poly_k3/test.csv,,
57,component_ablation,57,balanced_057_feynman_rational_trig_k4,balanced_057_feynman_rational_trig_k4,Feynman,Feynman-style rational-trig mix,feynman_rational_trig_k4,balanced,moderate_unified_component_ablation,rational_trig,x1|x2|x3|x4|x5|x6|x7|x8|x9|x10|x11|x12|x13|x14|x15|x16|x17|x18|x19|x20|x21|x22|x23|x24,x3|x8|x10|x21,3|8|10|21,(x3 + 0.5*x8**2)/(1 + x10**2) + 0.4*cos(x21),feynman_rational_trig_k4,0.0,24,4,moderate_mixed_distractors,x1|x2|x4,1|2|4,x5|x6|x7,5|6|7,128,128,1024,50057,0.25,0.14,suites/component_ablation/balanced_057_feynman_rational_trig_k4,suites/component_ablation/balanced_057_feynman_rational_trig_k4/train.csv,suites/component_ablation/balanced_057_feynman_rational_trig_k4/val.csv,suites/component_ablation/balanced_057_feynman_rational_trig_k4/test.csv,,
58,component_ablation,58,balanced_058_friedman2_safe_k4,balanced_058_friedman2_safe_k4,Friedman/PMLB-FRI,Friedman-2 safe-range motif,friedman2_safe_k4,balanced,moderate_unified_component_ablation,sqrt_rational,x1|x2|x3|x4|x5|x6|x7|x8|x9|x10|x11|x12|x13|x14|x15|x16|x17|x18|x19|x20|x21|x22|x23|x24,x11|x13|x16|x24,11|13|16|24,sqrt(x11**2 + (x13*x16 - 1/(x13*x24))**2),friedman2_safe_k4,0.0,24,4,moderate_mixed_distractors,x1|x2|x3,1|2|3,x4|x5|x6,4|5|6,128,128,1024,50058,0.25,0.14,suites/component_ablation/balanced_058_friedman2_safe_k4,suites/component_ablation/balanced_058_friedman2_safe_k4/train.csv,suites/component_ablation/balanced_058_friedman2_safe_k4/val.csv,suites/component_ablation/balanced_058_friedman2_safe_k4/test.csv,,
59,component_ablation,59,balanced_059_srsd_energy_like_k4,balanced_059_srsd_energy_like_k4,SRSD,SRSD-style energy relation,srsd_energy_like_k4,balanced,moderate_unified_component_ablation,polynomial_trig,x1|x2|x3|x4|x5|x6|x7|x8|x9|x10|x11|x12|x13|x14|x15|x16|x17|x18|x19|x20|x21|x22|x23|x24,x7|x11|x13|x17,7|11|13|17,x7*x11**2 + 0.1*sin(x13) - 0.3*x17,srsd_energy_like_k4,0.0,24,4,moderate_mixed_distractors,x1|x2|x3,1|2|3,x4|x5|x6,4|5|6,128,128,1024,50059,0.25,0.14,suites/component_ablation/balanced_059_srsd_energy_like_k4,suites/component_ablation/balanced_059_srsd_energy_like_k4/train.csv,suites/component_ablation/balanced_059_srsd_energy_like_k4/val.csv,suites/component_ablation/balanced_059_srsd_energy_like_k4/test.csv,,
60,component_ablation,60,balanced_060_livermore_rational_interaction_k4,balanced_060_livermore_rational_interaction_k4,Livermore,Livermore-style rational interaction,livermore_rational_interaction_k4,balanced,moderate_unified_component_ablation,rational_interaction,x1|x2|x3|x4|x5|x6|x7|x8|x9|x10|x11|x12|x13|x14|x15|x16|x17|x18|x19|x20|x21|x22|x23|x24,x3|x6|x10|x23,3|6|10|23,x3*x6/(1 + x10**2) + sin(x23),livermore_rational_interaction_k4,0.0,24,4,moderate_mixed_distractors,x1|x2|x4,1|2|4,x5|x7|x8,5|7|8,128,128,1024,50060,0.25,0.14,suites/component_ablation/balanced_060_livermore_rational_interaction_k4,suites/component_ablation/balanced_060_livermore_rational_interaction_k4/train.csv,suites/component_ablation/balanced_060_livermore_rational_interaction_k4/val.csv,suites/component_ablation/balanced_060_livermore_rational_interaction_k4/test.csv,,
61,component_ablation,61,balanced_061_feynman_trig_interaction_k2,balanced_061_feynman_trig_interaction_k2,Feynman,Feynman-style trigonometric interaction,feynman_trig_interaction_k2,balanced,moderate_unified_component_ablation,trig_interaction,x1|x2|x3|x4|x5|x6|x7|x8|x9|x10|x11|x12|x13|x14|x15|x16|x17|x18|x19|x20,x8|x11,8|11,1.25*x8 + sin(x11) + 0.35*x8*x11,feynman_trig_interaction_k2,0.0,20,2,moderate_mixed_distractors,x1|x2,1|2,x3|x4,3|4,128,128,1024,50061,0.35,0.18,suites/component_ablation/balanced_061_feynman_trig_interaction_k2,suites/component_ablation/balanced_061_feynman_trig_interaction_k2/train.csv,suites/component_ablation/balanced_061_feynman_trig_interaction_k2/val.csv,suites/component_ablation/balanced_061_feynman_trig_interaction_k2/test.csv,,
62,component_ablation,62,balanced_062_nguyen_rational_k2,balanced_062_nguyen_rational_k2,Nguyen,Nguyen-style rational,nguyen_rational_k2,balanced,moderate_unified_component_ablation,rational,x1|x2|x3|x4|x5|x6|x7|x8|x9|x10|x11|x12|x13|x14|x15|x16|x17|x18|x19|x20,x9|x15,9|15,x9/(1 + x15**2) + 0.5*x15,nguyen_rational_k2,0.0,20,2,moderate_mixed_distractors,x1|x2,1|2,x3|x4,3|4,128,128,1024,50062,0.35,0.18,suites/component_ablation/balanced_062_nguyen_rational_k2,suites/component_ablation/balanced_062_nguyen_rational_k2/train.csv,suites/component_ablation/balanced_062_nguyen_rational_k2/val.csv,suites/component_ablation/balanced_062_nguyen_rational_k2/test.csv,,
63,component_ablation,63,balanced_063_livermore_exp_trig_k2,balanced_063_livermore_exp_trig_k2,Livermore,Livermore-style exp-trig mix,livermore_exp_trig_k2,balanced,moderate_unified_component_ablation,exp_trig,x1|x2|x3|x4|x5|x6|x7|x8|x9|x10|x11|x12|x13|x14|x15|x16|x17|x18|x19|x20,x9|x19,9|19,exp(0.3*x9) - cos(x19),livermore_exp_trig_k2,0.0,20,2,moderate_mixed_distractors,x1|x2,1|2,x3|x4,3|4,128,128,1024,50063,0.35,0.18,suites/component_ablation/balanced_063_livermore_exp_trig_k2,suites/component_ablation/balanced_063_livermore_exp_trig_k2/train.csv,suites/component_ablation/balanced_063_livermore_exp_trig_k2/val.csv,suites/component_ablation/balanced_063_livermore_exp_trig_k2/test.csv,,
64,component_ablation,64,balanced_064_srsd_log_sqrt_k2,balanced_064_srsd_log_sqrt_k2,SRSD,SRSD-style log-sqrt relation,srsd_log_sqrt_k2,balanced,moderate_unified_component_ablation,log_sqrt,x1|x2|x3|x4|x5|x6|x7|x8|x9|x10|x11|x12|x13|x14|x15|x16|x17|x18|x19|x20,x14|x16,14|16,log(1 + x14**2) + sqrt(1 + x16**2),srsd_log_sqrt_k2,0.0,20,2,moderate_mixed_distractors,x1|x2,1|2,x3|x4,3|4,128,128,1024,50064,0.35,0.18,suites/component_ablation/balanced_064_srsd_log_sqrt_k2,suites/component_ablation/balanced_064_srsd_log_sqrt_k2/train.csv,suites/component_ablation/balanced_064_srsd_log_sqrt_k2/val.csv,suites/component_ablation/balanced_064_srsd_log_sqrt_k2/test.csv,,
65,component_ablation,65,balanced_065_feynman_sparse_interaction_k3,balanced_065_feynman_sparse_interaction_k3,Feynman,Feynman-style sparse interaction,feynman_sparse_interaction_k3,balanced,moderate_unified_component_ablation,sparse_interaction,x1|x2|x3|x4|x5|x6|x7|x8|x9|x10|x11|x12|x13|x14|x15|x16|x17|x18|x19|x20|x21|x22|x23|x24,x6|x9|x22,6|9|22,sin(x6) + x9*x22 + 0.25*x22**2,feynman_sparse_interaction_k3,0.0,24,3,moderate_mixed_distractors,x1|x2,1|2,x3|x4|x5,3|4|5,128,128,1024,50065,0.35,0.18,suites/component_ablation/balanced_065_feynman_sparse_interaction_k3,suites/component_ablation/balanced_065_feynman_sparse_interaction_k3/train.csv,suites/component_ablation/balanced_065_feynman_sparse_interaction_k3/val.csv,suites/component_ablation/balanced_065_feynman_sparse_interaction_k3/test.csv,,
66,component_ablation,66,balanced_066_friedman_core_k3,balanced_066_friedman_core_k3,Friedman/PMLB-FRI,Friedman-1 core,friedman_core_k3,balanced,moderate_unified_component_ablation,friedman_interaction,x1|x2|x3|x4|x5|x6|x7|x8|x9|x10|x11|x12|x13|x14|x15|x16|x17|x18|x19|x20|x21|x22|x23|x24,x5|x16|x23,5|16|23,10*sin(pi*x5*x16) + 20*(x23 - 0.5)**2,friedman_core_k3,0.0,24,3,moderate_mixed_distractors,x1|x2,1|2,x3|x4|x6,3|4|6,128,128,1024,50066,0.35,0.18,suites/component_ablation/balanced_066_friedman_core_k3,suites/component_ablation/balanced_066_friedman_core_k3/train.csv,suites/component_ablation/balanced_066_friedman_core_k3/val.csv,suites/component_ablation/balanced_066_friedman_core_k3/test.csv,,
67,component_ablation,67,balanced_067_srsd_exp_log_k3,balanced_067_srsd_exp_log_k3,SRSD,SRSD-style exp-log mix,srsd_exp_log_k3,balanced,moderate_unified_component_ablation,exp_log,x1|x2|x3|x4|x5|x6|x7|x8|x9|x10|x11|x12|x13|x14|x15|x16|x17|x18|x19|x20|x21|x22|x23|x24,x13|x17|x23,13|17|23,exp(0.2*x13) + log(1 + x17**2) + x23,srsd_exp_log_k3,0.0,24,3,moderate_mixed_distractors,x1|x2,1|2,x3|x4|x5,3|4|5,128,128,1024,50067,0.35,0.18,suites/component_ablation/balanced_067_srsd_exp_log_k3,suites/component_ablation/balanced_067_srsd_exp_log_k3/train.csv,suites/component_ablation/balanced_067_srsd_exp_log_k3/val.csv,suites/component_ablation/balanced_067_srsd_exp_log_k3/test.csv,,
68,component_ablation,68,balanced_068_nguyen_trig_poly_k3,balanced_068_nguyen_trig_poly_k3,Nguyen,Nguyen-style trig-polynomial mix,nguyen_trig_poly_k3,balanced,moderate_unified_component_ablation,trig_polynomial,x1|x2|x3|x4|x5|x6|x7|x8|x9|x10|x11|x12|x13|x14|x15|x16|x17|x18|x19|x20|x21|x22|x23|x24,x4|x8|x11,4|8|11,x4**2 + x8*sin(x11) + 0.5*x4*x8,nguyen_trig_poly_k3,0.0,24,3,moderate_mixed_distractors,x1|x2,1|2,x3|x5|x6,3|5|6,128,128,1024,50068,0.35,0.18,suites/component_ablation/balanced_068_nguyen_trig_poly_k3,suites/component_ablation/balanced_068_nguyen_trig_poly_k3/train.csv,suites/component_ablation/balanced_068_nguyen_trig_poly_k3/val.csv,suites/component_ablation/balanced_068_nguyen_trig_poly_k3/test.csv,,
69,component_ablation,69,balanced_069_feynman_rational_trig_k4,balanced_069_feynman_rational_trig_k4,Feynman,Feynman-style rational-trig mix,feynman_rational_trig_k4,balanced,moderate_unified_component_ablation,rational_trig,x1|x2|x3|x4|x5|x6|x7|x8|x9|x10|x11|x12|x13|x14|x15|x16|x17|x18|x19|x20|x21|x22|x23|x24|x25|x26|x27|x28,x8|x11|x21|x22,8|11|21|22,(x8 + 0.5*x11**2)/(1 + x21**2) + 0.4*cos(x22),feynman_rational_trig_k4,0.0,28,4,moderate_mixed_distractors,x1|x2|x3,1|2|3,x4|x5|x6,4|5|6,128,128,1024,50069,0.35,0.18,suites/component_ablation/balanced_069_feynman_rational_trig_k4,suites/component_ablation/balanced_069_feynman_rational_trig_k4/train.csv,suites/component_ablation/balanced_069_feynman_rational_trig_k4/val.csv,suites/component_ablation/balanced_069_feynman_rational_trig_k4/test.csv,,
70,component_ablation,70,balanced_070_friedman2_safe_k4,balanced_070_friedman2_safe_k4,Friedman/PMLB-FRI,Friedman-2 safe-range motif,friedman2_safe_k4,balanced,moderate_unified_component_ablation,sqrt_rational,x1|x2|x3|x4|x5|x6|x7|x8|x9|x10|x11|x12|x13|x14|x15|x16|x17|x18|x19|x20|x21|x22|x23|x24|x25|x26|x27|x28,x7|x9|x21|x28,7|9|21|28,sqrt(x7**2 + (x9*x21 - 1/(x9*x28))**2),friedman2_safe_k4,0.0,28,4,moderate_mixed_distractors,x1|x2|x3,1|2|3,x4|x5|x6,4|5|6,128,128,1024,50070,0.35,0.18,suites/component_ablation/balanced_070_friedman2_safe_k4,suites/component_ablation/balanced_070_friedman2_safe_k4/train.csv,suites/component_ablation/balanced_070_friedman2_safe_k4/val.csv,suites/component_ablation/balanced_070_friedman2_safe_k4/test.csv,,
71,component_ablation,71,balanced_071_srsd_energy_like_k4,balanced_071_srsd_energy_like_k4,SRSD,SRSD-style energy relation,srsd_energy_like_k4,balanced,moderate_unified_component_ablation,polynomial_trig,x1|x2|x3|x4|x5|x6|x7|x8|x9|x10|x11|x12|x13|x14|x15|x16|x17|x18|x19|x20|x21|x22|x23|x24|x25|x26|x27|x28,x6|x11|x13|x19,6|11|13|19,x6*x11**2 + 0.1*sin(x13) - 0.3*x19,srsd_energy_like_k4,0.0,28,4,moderate_mixed_distractors,x1|x2|x3,1|2|3,x4|x5|x7,4|5|7,128,128,1024,50071,0.35,0.18,suites/component_ablation/balanced_071_srsd_energy_like_k4,suites/component_ablation/balanced_071_srsd_energy_like_k4/train.csv,suites/component_ablation/balanced_071_srsd_energy_like_k4/val.csv,suites/component_ablation/balanced_071_srsd_energy_like_k4/test.csv,,
72,component_ablation,72,balanced_072_livermore_rational_interaction_k4,balanced_072_livermore_rational_interaction_k4,Livermore,Livermore-style rational interaction,livermore_rational_interaction_k4,balanced,moderate_unified_component_ablation,rational_interaction,x1|x2|x3|x4|x5|x6|x7|x8|x9|x10|x11|x12|x13|x14|x15|x16|x17|x18|x19|x20|x21|x22|x23|x24|x25|x26|x27|x28,x3|x6|x8|x10,3|6|8|10,x3*x6/(1 + x8**2) + sin(x10),livermore_rational_interaction_k4,0.0,28,4,moderate_mixed_distractors,x1|x2|x4,1|2|4,x5|x7|x9,5|7|9,128,128,1024,50072,0.35,0.18,suites/component_ablation/balanced_072_livermore_rational_interaction_k4,suites/component_ablation/balanced_072_livermore_rational_interaction_k4/train.csv,suites/component_ablation/balanced_072_livermore_rational_interaction_k4/val.csv,suites/component_ablation/balanced_072_livermore_rational_interaction_k4/test.csv,,
73,component_ablation,73,balanced_073_feynman_trig_interaction_k2,balanced_073_feynman_trig_interaction_k2,Feynman,Feynman-style trigonometric interaction,feynman_trig_interaction_k2,balanced,moderate_unified_component_ablation,trig_interaction,x1|x2|x3|x4|x5|x6|x7|x8|x9|x10|x11|x12,x4|x6,4|6,1.25*x4 + sin(x6) + 0.35*x4*x6,feynman_trig_interaction_k2,0.0,12,2,moderate_mixed_distractors,x1|x2,1|2,x3|x5,3|5,128,128,1024,50073,0.45,0.1,suites/component_ablation/balanced_073_feynman_trig_interaction_k2,suites/component_ablation/balanced_073_feynman_trig_interaction_k2/train.csv,suites/component_ablation/balanced_073_feynman_trig_interaction_k2/val.csv,suites/component_ablation/balanced_073_feynman_trig_interaction_k2/test.csv,,
74,component_ablation,74,balanced_074_nguyen_rational_k2,balanced_074_nguyen_rational_k2,Nguyen,Nguyen-style rational,nguyen_rational_k2,balanced,moderate_unified_component_ablation,rational,x1|x2|x3|x4|x5|x6|x7|x8|x9|x10|x11|x12,x9|x11,9|11,x9/(1 + x11**2) + 0.5*x11,nguyen_rational_k2,0.0,12,2,moderate_mixed_distractors,x1|x2,1|2,x3|x4,3|4,128,128,1024,50074,0.45,0.1,suites/component_ablation/balanced_074_nguyen_rational_k2,suites/component_ablation/balanced_074_nguyen_rational_k2/train.csv,suites/component_ablation/balanced_074_nguyen_rational_k2/val.csv,suites/component_ablation/balanced_074_nguyen_rational_k2/test.csv,,
75,component_ablation,75,balanced_075_livermore_exp_trig_k2,balanced_075_livermore_exp_trig_k2,Livermore,Livermore-style exp-trig mix,livermore_exp_trig_k2,balanced,moderate_unified_component_ablation,exp_trig,x1|x2|x3|x4|x5|x6|x7|x8|x9|x10|x11|x12,x11|x12,11|12,exp(0.3*x11) - cos(x12),livermore_exp_trig_k2,0.0,12,2,moderate_mixed_distractors,x1|x2,1|2,x3|x4,3|4,128,128,1024,50075,0.45,0.1,suites/component_ablation/balanced_075_livermore_exp_trig_k2,suites/component_ablation/balanced_075_livermore_exp_trig_k2/train.csv,suites/component_ablation/balanced_075_livermore_exp_trig_k2/val.csv,suites/component_ablation/balanced_075_livermore_exp_trig_k2/test.csv,,
76,component_ablation,76,balanced_076_srsd_log_sqrt_k2,balanced_076_srsd_log_sqrt_k2,SRSD,SRSD-style log-sqrt relation,srsd_log_sqrt_k2,balanced,moderate_unified_component_ablation,log_sqrt,x1|x2|x3|x4|x5|x6|x7|x8|x9|x10|x11|x12,x3|x11,3|11,log(1 + x3**2) + sqrt(1 + x11**2),srsd_log_sqrt_k2,0.0,12,2,moderate_mixed_distractors,x1|x2,1|2,x4|x5,4|5,128,128,1024,50076,0.45,0.1,suites/component_ablation/balanced_076_srsd_log_sqrt_k2,suites/component_ablation/balanced_076_srsd_log_sqrt_k2/train.csv,suites/component_ablation/balanced_076_srsd_log_sqrt_k2/val.csv,suites/component_ablation/balanced_076_srsd_log_sqrt_k2/test.csv,,
77,component_ablation,77,balanced_077_feynman_sparse_interaction_k3,balanced_077_feynman_sparse_interaction_k3,Feynman,Feynman-style sparse interaction,feynman_sparse_interaction_k3,balanced,moderate_unified_component_ablation,sparse_interaction,x1|x2|x3|x4|x5|x6|x7|x8|x9|x10|x11|x12|x13|x14|x15|x16,x1|x9|x16,1|9|16,sin(x1) + x9*x16 + 0.25*x16**2,feynman_sparse_interaction_k3,0.0,16,3,moderate_mixed_distractors,x2|x3,2|3,x4|x5|x6,4|5|6,128,128,1024,50077,0.45,0.1,suites/component_ablation/balanced_077_feynman_sparse_interaction_k3,suites/component_ablation/balanced_077_feynman_sparse_interaction_k3/train.csv,suites/component_ablation/balanced_077_feynman_sparse_interaction_k3/val.csv,suites/component_ablation/balanced_077_feynman_sparse_interaction_k3/test.csv,,
78,component_ablation,78,balanced_078_friedman_core_k3,balanced_078_friedman_core_k3,Friedman/PMLB-FRI,Friedman-1 core,friedman_core_k3,balanced,moderate_unified_component_ablation,friedman_interaction,x1|x2|x3|x4|x5|x6|x7|x8|x9|x10|x11|x12|x13|x14|x15|x16,x7|x14|x16,7|14|16,10*sin(pi*x7*x14) + 20*(x16 - 0.5)**2,friedman_core_k3,0.0,16,3,moderate_mixed_distractors,x1|x2,1|2,x3|x4|x5,3|4|5,128,128,1024,50078,0.45,0.1,suites/component_ablation/balanced_078_friedman_core_k3,suites/component_ablation/balanced_078_friedman_core_k3/train.csv,suites/component_ablation/balanced_078_friedman_core_k3/val.csv,suites/component_ablation/balanced_078_friedman_core_k3/test.csv,,
79,component_ablation,79,balanced_079_srsd_exp_log_k3,balanced_079_srsd_exp_log_k3,SRSD,SRSD-style exp-log mix,srsd_exp_log_k3,balanced,moderate_unified_component_ablation,exp_log,x1|x2|x3|x4|x5|x6|x7|x8|x9|x10|x11|x12|x13|x14|x15|x16,x1|x11|x16,1|11|16,exp(0.2*x1) + log(1 + x11**2) + x16,srsd_exp_log_k3,0.0,16,3,moderate_mixed_distractors,x2|x3,2|3,x4|x5|x6,4|5|6,128,128,1024,50079,0.45,0.1,suites/component_ablation/balanced_079_srsd_exp_log_k3,suites/component_ablation/balanced_079_srsd_exp_log_k3/train.csv,suites/component_ablation/balanced_079_srsd_exp_log_k3/val.csv,suites/component_ablation/balanced_079_srsd_exp_log_k3/test.csv,,
80,component_ablation,80,balanced_080_nguyen_trig_poly_k3,balanced_080_nguyen_trig_poly_k3,Nguyen,Nguyen-style trig-polynomial mix,nguyen_trig_poly_k3,balanced,moderate_unified_component_ablation,trig_polynomial,x1|x2|x3|x4|x5|x6|x7|x8|x9|x10|x11|x12|x13|x14|x15|x16,x4|x12|x14,4|12|14,x4**2 + x12*sin(x14) + 0.5*x4*x12,nguyen_trig_poly_k3,0.0,16,3,moderate_mixed_distractors,x1|x2,1|2,x3|x5|x6,3|5|6,128,128,1024,50080,0.45,0.1,suites/component_ablation/balanced_080_nguyen_trig_poly_k3,suites/component_ablation/balanced_080_nguyen_trig_poly_k3/train.csv,suites/component_ablation/balanced_080_nguyen_trig_poly_k3/val.csv,suites/component_ablation/balanced_080_nguyen_trig_poly_k3/test.csv,,
81,component_ablation,81,balanced_081_feynman_rational_trig_k4,balanced_081_feynman_rational_trig_k4,Feynman,Feynman-style rational-trig mix,feynman_rational_trig_k4,balanced,moderate_unified_component_ablation,rational_trig,x1|x2|x3|x4|x5|x6|x7|x8|x9|x10|x11|x12|x13|x14|x15|x16|x17|x18|x19|x20,x3|x7|x16|x18,3|7|16|18,(x3 + 0.5*x7**2)/(1 + x16**2) + 0.4*cos(x18),feynman_rational_trig_k4,0.0,20,4,moderate_mixed_distractors,x1|x2|x4,1|2|4,x5|x6|x8,5|6|8,128,128,1024,50081,0.45,0.1,suites/component_ablation/balanced_081_feynman_rational_trig_k4,suites/component_ablation/balanced_081_feynman_rational_trig_k4/train.csv,suites/component_ablation/balanced_081_feynman_rational_trig_k4/val.csv,suites/component_ablation/balanced_081_feynman_rational_trig_k4/test.csv,,
82,component_ablation,82,balanced_082_friedman2_safe_k4,balanced_082_friedman2_safe_k4,Friedman/PMLB-FRI,Friedman-2 safe-range motif,friedman2_safe_k4,balanced,moderate_unified_component_ablation,sqrt_rational,x1|x2|x3|x4|x5|x6|x7|x8|x9|x10|x11|x12|x13|x14|x15|x16|x17|x18|x19|x20,x8|x10|x17|x20,8|10|17|20,sqrt(x8**2 + (x10*x17 - 1/(x10*x20))**2),friedman2_safe_k4,0.0,20,4,moderate_mixed_distractors,x1|x2|x3,1|2|3,x4|x5|x6,4|5|6,128,128,1024,50082,0.45,0.1,suites/component_ablation/balanced_082_friedman2_safe_k4,suites/component_ablation/balanced_082_friedman2_safe_k4/train.csv,suites/component_ablation/balanced_082_friedman2_safe_k4/val.csv,suites/component_ablation/balanced_082_friedman2_safe_k4/test.csv,,
83,component_ablation,83,balanced_083_srsd_energy_like_k4,balanced_083_srsd_energy_like_k4,SRSD,SRSD-style energy relation,srsd_energy_like_k4,balanced,moderate_unified_component_ablation,polynomial_trig,x1|x2|x3|x4|x5|x6|x7|x8|x9|x10|x11|x12|x13|x14|x15|x16|x17|x18|x19|x20,x4|x9|x15|x19,4|9|15|19,x4*x9**2 + 0.1*sin(x15) - 0.3*x19,srsd_energy_like_k4,0.0,20,4,moderate_mixed_distractors,x1|x2|x3,1|2|3,x5|x6|x7,5|6|7,128,128,1024,50083,0.45,0.1,suites/component_ablation/balanced_083_srsd_energy_like_k4,suites/component_ablation/balanced_083_srsd_energy_like_k4/train.csv,suites/component_ablation/balanced_083_srsd_energy_like_k4/val.csv,suites/component_ablation/balanced_083_srsd_energy_like_k4/test.csv,,
84,component_ablation,84,balanced_084_livermore_rational_interaction_k4,balanced_084_livermore_rational_interaction_k4,Livermore,Livermore-style rational interaction,livermore_rational_interaction_k4,balanced,moderate_unified_component_ablation,rational_interaction,x1|x2|x3|x4|x5|x6|x7|x8|x9|x10|x11|x12|x13|x14|x15|x16|x17|x18|x19|x20,x1|x2|x7|x15,1|2|7|15,x1*x2/(1 + x7**2) + sin(x15),livermore_rational_interaction_k4,0.0,20,4,moderate_mixed_distractors,x3|x4|x5,3|4|5,x6|x8|x9,6|8|9,128,128,1024,50084,0.45,0.1,suites/component_ablation/balanced_084_livermore_rational_interaction_k4,suites/component_ablation/balanced_084_livermore_rational_interaction_k4/train.csv,suites/component_ablation/balanced_084_livermore_rational_interaction_k4/val.csv,suites/component_ablation/balanced_084_livermore_rational_interaction_k4/test.csv,,
85,component_ablation,85,balanced_085_feynman_trig_interaction_k2,balanced_085_feynman_trig_interaction_k2,Feynman,Feynman-style trigonometric interaction,feynman_trig_interaction_k2,balanced,moderate_unified_component_ablation,trig_interaction,x1|x2|x3|x4|x5|x6|x7|x8|x9|x10|x11|x12|x13|x14|x15|x16,x13|x15,13|15,1.25*x13 + sin(x15) + 0.35*x13*x15,feynman_trig_interaction_k2,0.0,16,2,moderate_mixed_distractors,x1|x2,1|2,x3|x4,3|4,128,128,1024,50085,0.55,0.14,suites/component_ablation/balanced_085_feynman_trig_interaction_k2,suites/component_ablation/balanced_085_feynman_trig_interaction_k2/train.csv,suites/component_ablation/balanced_085_feynman_trig_interaction_k2/val.csv,suites/component_ablation/balanced_085_feynman_trig_interaction_k2/test.csv,,
86,component_ablation,86,balanced_086_nguyen_rational_k2,balanced_086_nguyen_rational_k2,Nguyen,Nguyen-style rational,nguyen_rational_k2,balanced,moderate_unified_component_ablation,rational,x1|x2|x3|x4|x5|x6|x7|x8|x9|x10|x11|x12|x13|x14|x15|x16,x10|x16,10|16,x10/(1 + x16**2) + 0.5*x16,nguyen_rational_k2,0.0,16,2,moderate_mixed_distractors,x1|x2,1|2,x3|x4,3|4,128,128,1024,50086,0.55,0.14,suites/component_ablation/balanced_086_nguyen_rational_k2,suites/component_ablation/balanced_086_nguyen_rational_k2/train.csv,suites/component_ablation/balanced_086_nguyen_rational_k2/val.csv,suites/component_ablation/balanced_086_nguyen_rational_k2/test.csv,,
87,component_ablation,87,balanced_087_livermore_exp_trig_k2,balanced_087_livermore_exp_trig_k2,Livermore,Livermore-style exp-trig mix,livermore_exp_trig_k2,balanced,moderate_unified_component_ablation,exp_trig,x1|x2|x3|x4|x5|x6|x7|x8|x9|x10|x11|x12|x13|x14|x15|x16,x12|x16,12|16,exp(0.3*x12) - cos(x16),livermore_exp_trig_k2,0.0,16,2,moderate_mixed_distractors,x1|x2,1|2,x3|x4,3|4,128,128,1024,50087,0.55,0.14,suites/component_ablation/balanced_087_livermore_exp_trig_k2,suites/component_ablation/balanced_087_livermore_exp_trig_k2/train.csv,suites/component_ablation/balanced_087_livermore_exp_trig_k2/val.csv,suites/component_ablation/balanced_087_livermore_exp_trig_k2/test.csv,,
88,component_ablation,88,balanced_088_srsd_log_sqrt_k2,balanced_088_srsd_log_sqrt_k2,SRSD,SRSD-style log-sqrt relation,srsd_log_sqrt_k2,balanced,moderate_unified_component_ablation,log_sqrt,x1|x2|x3|x4|x5|x6|x7|x8|x9|x10|x11|x12|x13|x14|x15|x16,x1|x4,1|4,log(1 + x1**2) + sqrt(1 + x4**2),srsd_log_sqrt_k2,0.0,16,2,moderate_mixed_distractors,x2|x3,2|3,x5|x6,5|6,128,128,1024,50088,0.55,0.14,suites/component_ablation/balanced_088_srsd_log_sqrt_k2,suites/component_ablation/balanced_088_srsd_log_sqrt_k2/train.csv,suites/component_ablation/balanced_088_srsd_log_sqrt_k2/val.csv,suites/component_ablation/balanced_088_srsd_log_sqrt_k2/test.csv,,
89,component_ablation,89,balanced_089_feynman_sparse_interaction_k3,balanced_089_feynman_sparse_interaction_k3,Feynman,Feynman-style sparse interaction,feynman_sparse_interaction_k3,balanced,moderate_unified_component_ablation,sparse_interaction,x1|x2|x3|x4|x5|x6|x7|x8|x9|x10|x11|x12|x13|x14|x15|x16|x17|x18|x19|x20,x1|x2|x12,1|2|12,sin(x1) + x2*x12 + 0.25*x12**2,feynman_sparse_interaction_k3,0.0,20,3,moderate_mixed_distractors,x3|x4,3|4,x5|x6|x7,5|6|7,128,128,1024,50089,0.55,0.14,suites/component_ablation/balanced_089_feynman_sparse_interaction_k3,suites/component_ablation/balanced_089_feynman_sparse_interaction_k3/train.csv,suites/component_ablation/balanced_089_feynman_sparse_interaction_k3/val.csv,suites/component_ablation/balanced_089_feynman_sparse_interaction_k3/test.csv,,
90,component_ablation,90,balanced_090_friedman_core_k3,balanced_090_friedman_core_k3,Friedman/PMLB-FRI,Friedman-1 core,friedman_core_k3,balanced,moderate_unified_component_ablation,friedman_interaction,x1|x2|x3|x4|x5|x6|x7|x8|x9|x10|x11|x12|x13|x14|x15|x16|x17|x18|x19|x20,x7|x14|x15,7|14|15,10*sin(pi*x7*x14) + 20*(x15 - 0.5)**2,friedman_core_k3,0.0,20,3,moderate_mixed_distractors,x1|x2,1|2,x3|x4|x5,3|4|5,128,128,1024,50090,0.55,0.14,suites/component_ablation/balanced_090_friedman_core_k3,suites/component_ablation/balanced_090_friedman_core_k3/train.csv,suites/component_ablation/balanced_090_friedman_core_k3/val.csv,suites/component_ablation/balanced_090_friedman_core_k3/test.csv,,
91,component_ablation,91,balanced_091_srsd_exp_log_k3,balanced_091_srsd_exp_log_k3,SRSD,SRSD-style exp-log mix,srsd_exp_log_k3,balanced,moderate_unified_component_ablation,exp_log,x1|x2|x3|x4|x5|x6|x7|x8|x9|x10|x11|x12|x13|x14|x15|x16|x17|x18|x19|x20,x7|x10|x20,7|10|20,exp(0.2*x7) + log(1 + x10**2) + x20,srsd_exp_log_k3,0.0,20,3,moderate_mixed_distractors,x1|x2,1|2,x3|x4|x5,3|4|5,128,128,1024,50091,0.55,0.14,suites/component_ablation/balanced_091_srsd_exp_log_k3,suites/component_ablation/balanced_091_srsd_exp_log_k3/train.csv,suites/component_ablation/balanced_091_srsd_exp_log_k3/val.csv,suites/component_ablation/balanced_091_srsd_exp_log_k3/test.csv,,
92,component_ablation,92,balanced_092_nguyen_trig_poly_k3,balanced_092_nguyen_trig_poly_k3,Nguyen,Nguyen-style trig-polynomial mix,nguyen_trig_poly_k3,balanced,moderate_unified_component_ablation,trig_polynomial,x1|x2|x3|x4|x5|x6|x7|x8|x9|x10|x11|x12|x13|x14|x15|x16|x17|x18|x19|x20,x1|x9|x12,1|9|12,x1**2 + x9*sin(x12) + 0.5*x1*x9,nguyen_trig_poly_k3,0.0,20,3,moderate_mixed_distractors,x2|x3,2|3,x4|x5|x6,4|5|6,128,128,1024,50092,0.55,0.14,suites/component_ablation/balanced_092_nguyen_trig_poly_k3,suites/component_ablation/balanced_092_nguyen_trig_poly_k3/train.csv,suites/component_ablation/balanced_092_nguyen_trig_poly_k3/val.csv,suites/component_ablation/balanced_092_nguyen_trig_poly_k3/test.csv,,
93,component_ablation,93,balanced_093_feynman_rational_trig_k4,balanced_093_feynman_rational_trig_k4,Feynman,Feynman-style rational-trig mix,feynman_rational_trig_k4,balanced,moderate_unified_component_ablation,rational_trig,x1|x2|x3|x4|x5|x6|x7|x8|x9|x10|x11|x12|x13|x14|x15|x16|x17|x18|x19|x20|x21|x22|x23|x24,x11|x16|x19|x20,11|16|19|20,(x11 + 0.5*x16**2)/(1 + x19**2) + 0.4*cos(x20),feynman_rational_trig_k4,0.0,24,4,moderate_mixed_distractors,x1|x2|x3,1|2|3,x4|x5|x6,4|5|6,128,128,1024,50093,0.55,0.14,suites/component_ablation/balanced_093_feynman_rational_trig_k4,suites/component_ablation/balanced_093_feynman_rational_trig_k4/train.csv,suites/component_ablation/balanced_093_feynman_rational_trig_k4/val.csv,suites/component_ablation/balanced_093_feynman_rational_trig_k4/test.csv,,
94,component_ablation,94,balanced_094_friedman2_safe_k4,balanced_094_friedman2_safe_k4,Friedman/PMLB-FRI,Friedman-2 safe-range motif,friedman2_safe_k4,balanced,moderate_unified_component_ablation,sqrt_rational,x1|x2|x3|x4|x5|x6|x7|x8|x9|x10|x11|x12|x13|x14|x15|x16|x17|x18|x19|x20|x21|x22|x23|x24,x1|x7|x12|x20,1|7|12|20,sqrt(x1**2 + (x7*x12 - 1/(x7*x20))**2),friedman2_safe_k4,0.0,24,4,moderate_mixed_distractors,x2|x3|x4,2|3|4,x5|x6|x8,5|6|8,128,128,1024,50094,0.55,0.14,suites/component_ablation/balanced_094_friedman2_safe_k4,suites/component_ablation/balanced_094_friedman2_safe_k4/train.csv,suites/component_ablation/balanced_094_friedman2_safe_k4/val.csv,suites/component_ablation/balanced_094_friedman2_safe_k4/test.csv,,
95,component_ablation,95,balanced_095_srsd_energy_like_k4,balanced_095_srsd_energy_like_k4,SRSD,SRSD-style energy relation,srsd_energy_like_k4,balanced,moderate_unified_component_ablation,polynomial_trig,x1|x2|x3|x4|x5|x6|x7|x8|x9|x10|x11|x12|x13|x14|x15|x16|x17|x18|x19|x20|x21|x22|x23|x24,x3|x7|x9|x13,3|7|9|13,x3*x7**2 + 0.1*sin(x9) - 0.3*x13,srsd_energy_like_k4,0.0,24,4,moderate_mixed_distractors,x1|x2|x4,1|2|4,x5|x6|x8,5|6|8,128,128,1024,50095,0.55,0.14,suites/component_ablation/balanced_095_srsd_energy_like_k4,suites/component_ablation/balanced_095_srsd_energy_like_k4/train.csv,suites/component_ablation/balanced_095_srsd_energy_like_k4/val.csv,suites/component_ablation/balanced_095_srsd_energy_like_k4/test.csv,,
96,component_ablation,96,balanced_096_livermore_rational_interaction_k4,balanced_096_livermore_rational_interaction_k4,Livermore,Livermore-style rational interaction,livermore_rational_interaction_k4,balanced,moderate_unified_component_ablation,rational_interaction,x1|x2|x3|x4|x5|x6|x7|x8|x9|x10|x11|x12|x13|x14|x15|x16|x17|x18|x19|x20|x21|x22|x23|x24,x14|x16|x20|x22,14|16|20|22,x14*x16/(1 + x20**2) + sin(x22),livermore_rational_interaction_k4,0.0,24,4,moderate_mixed_distractors,x1|x2|x3,1|2|3,x4|x5|x6,4|5|6,128,128,1024,50096,0.55,0.14,suites/component_ablation/balanced_096_livermore_rational_interaction_k4,suites/component_ablation/balanced_096_livermore_rational_interaction_k4/train.csv,suites/component_ablation/balanced_096_livermore_rational_interaction_k4/val.csv,suites/component_ablation/balanced_096_livermore_rational_interaction_k4/test.csv,,
