x1,x2,y
0.5279436866263039,-0.10106580761025663,0.2793806360485658
1.8408000806090943,-0.23656149985495745,0.5647136494061817
0.38769317704509554,0.377889262442916,0.5516943169802243
1.7259309700488905,-1.396177642262506,0.120969067599122
-0.12089010010326051,1.0296713007138023,0.8107674432371395
-1.6492276490373845,-0.3058617061696771,-0.7379846559873618
-0.16672832516683744,0.6120428263676918,0.3816779721510371
-0.7161827120146635,-1.5492483739200313,-1.3200407334690238
0.16250350012681603,-1.1349366340438167,-0.8364991019905912
-1.3994190201641485,1.3936578623735563,-0.0024010636500656495
0.8581203925257075,0.716747640833244,0.8475597381600573
-1.2990526242311509,1.612036102193792,0.13613584772436818
-1.5140783014347345,0.8861653579937965,-0.24975870603656244
-0.3807113912449531,0.6562901508098098,0.19959186352216168
1.5726699600934673,1.6324773665664285,1.2458447357714901
0.42995448256130864,-1.084510523322026,-0.457746067265224
-0.5629050030366911,-0.3547661416358845,-0.5871573402667214
-0.534010215236616,1.2550954859045116,0.4700654946790368
0.18222616716167206,1.9941927621626876,1.8409497182333383
0.45575190028080304,0.5091480736733063,0.6628189691993448
-1.5770385366905066,-1.6813493578721732,-1.2643923822525285
1.4393735017559757,-0.3538582419384384,0.444997561478852
0.7276439061947331,1.5544300726678126,1.3209168687365598
-1.360354681540239,-1.9415463222944656,-1.3989003558058757
-1.3994222058607475,1.8058158505262858,0.1693714610429523
1.3641940753689945,0.33264235165730494,0.7177229842103651
1.5208035941363174,0.3080063419281971,0.7254868805798831
0.3500122170905753,-0.6353017095638784,-0.2113236375653943
-0.8815676993296226,0.8858239539213821,0.002262078900098007
-0.5843419461388883,-1.4494219412853893,-1.2836647368837582
-0.819379556634019,-0.34267711365075293,-0.6387104142439959
1.2747393393517013,-0.48165300306853887,0.34864932546917277
0.3714900115709816,-0.4700261740423035,-0.07184606642410254
-1.6409602693420782,-1.2852534750367473,-1.1080112708805765
1.7846372019591148,0.9899650116319676,0.9963963031302705
1.9094984749912332,1.2670324213385293,1.0917795364506366
1.7807191398312536,0.6847143526898019,0.8866172268914109
1.580476033474223,1.0439581375844904,1.0170348947303756
0.2644238169654667,-0.7168566122983768,-0.3578173625507299
0.45444704759120835,-0.022559849796934373,0.29694253806595894
-0.5316574910481728,0.5138963463737163,-0.011596028993598243
1.3827309310087998,1.197677194912416,1.0829624496580164
1.5034807613632086,0.7815213407603108,0.9127300426623921
-1.7779638429473246,0.42027554176845117,-0.4887350512591311
-0.09672065236706606,-0.6447078338906111,-0.6760413279876172
1.7814051716211545,-0.6353945276880952,0.41202578309189736
1.7437991591028998,0.19717469182466685,0.7074037633141409
-1.5274076363074856,0.2922856610205389,-0.48869124139050485
-0.1558266177244847,1.3330287328692325,1.0184936884931286
0.08705750733804907,1.665281479143966,1.6120021016855728
1.4095263037213774,0.8143084103193594,0.9229344002620555
1.3002956184671177e-05,0.14465198512485156,0.14466310703299393
-1.0210843919936403,0.1951410608427837,-0.40866345533257453
1.1309278644553205,-1.319202811570281,-0.0883535056514383
-0.6889607143868868,-1.937090942518231,-1.5548328830480858
0.21908146670131057,1.286542496245179,1.2350478651935617
-1.4217172604281783,1.2874732679066128,-0.05543338799915483
-0.9833252063194866,0.8205433344029047,-0.08207522971921527
-1.1493775935210664,-0.8585989663546001,-0.9342130326138929
-0.631129283383058,0.668392567823628,0.02284508335432725
-0.37552270457414894,-1.0131828020187434,-1.0095838490887177
0.4112986460312871,-0.541532195514479,-0.09227922796455708
-1.782981193267998,1.238861839995082,-0.19551671947662996
0.5743395033387753,-0.6229871407904475,-0.030900347319306225
-0.7116845539366121,-1.8396789917878071,-1.4905570888378201
-1.1984228000878265,1.0701088457123444,-0.058366368093687886
0.5830573900816649,-0.8835407122750856,-0.18981202076187503
0.9875904739765953,1.1250251240021076,1.0629028593359922
-0.08275165946994267,-1.7868419022635007,-1.7267057920268591
0.7759125442786585,-0.21935518867350812,0.3133923218224765
-1.3745291932206323,0.4266326659029267,-0.3991934611812669
0.7737823199009903,0.4863657590285868,0.7104299466689444
-1.665077278465851,1.7024093387300057,0.014007871578735181
1.262454347668593,-0.22398609424032578,0.4590007548653456
1.890054855071782,1.4067472483581178,1.1407403211203115
-0.7577969258095987,0.24701345507878036,-0.2905816156752941
-0.7311165228919752,1.702576370093122,0.5611753075860207
-0.5013908805136533,0.6388902806303562,0.0915813476032716
1.6264582635871387,1.8030417129422993,1.305750799118174
1.9658851586373323,1.9409565048227608,1.3172599256186577
1.375995233297966,-1.1292325427635426,0.10385655959078165
1.8797259575597938,0.39290293915173313,0.789182349363998
-1.3160392642981464,1.077539859945447,-0.10297727159862045
-1.4116904962552401,1.5552118994190431,0.059510705617763275
1.5484047090366873,-1.2146131030639,0.13098061104233422
-0.6863582263639678,0.5374885046696765,-0.08827882437249172
0.6850075658915746,0.5227207521303954,0.7167494926842861
1.3486025576932934,0.9601186181754393,0.9830191014252617
-0.9363910400909239,0.8136971677990097,-0.06336213592795444
-0.612398072291203,-0.45027925016370585,-0.6590663563277858
0.8163122298119476,0.06682583730285874,0.48622591018188666
-0.5461302114825388,1.2184647088448601,0.43484985441015317
1.9434428332670102,-1.8446217358195272,0.0335733027768026
0.320392770394637,-1.6030814468740724,-0.9714447891865292
1.829980699232706,-1.6546217351135337,0.06196472087838526
0.3804590903440439,1.7370858300625671,1.5339425378254907
1.8494768325781314,1.104784253747026,1.0367731551802861
0.9945233578960209,-0.2773111152200056,0.3595907963858527
-1.0494283976047423,-1.4304703918831052,-1.2100441237108919
0.598855924892173,0.22423456908217876,0.5147996646601294
-1.2278770081058457,-1.807568909777895,-1.362483614149102
-1.4437447170918047,1.2946734945552087,-0.061001143652189345
-1.519597554187949,-1.9325912622392645,-1.37013500854101
-1.8879607060699821,1.7779291939664494,-0.03810007243944349
1.081537963836959,0.6496378169467798,0.831681098716361
0.15254212153886604,0.13616369664668193,0.2504948086409805
-0.2678673136645515,0.8297621326802105,0.44318109076540435
0.4607441529153413,0.6510717049934334,0.7611297677898088
-0.6004298018187448,-0.8863812890391807,-0.929007376123775
-0.7885604090372311,-0.24265820055572718,-0.576563477745801
-1.2931717751613436,-1.5156163974453452,-1.224848571323911
1.5913687572423258,1.4555420004079367,1.1757920400694781
-0.8250401476232705,-1.0322609381314884,-1.0176768375060141
1.4925584316997011,0.1269163200431227,0.6497238865684234
-1.2119230711913902,0.22271373898444846,-0.44721687887369965
0.2392457498492382,-1.3919340827813311,-0.9301531460344524
-1.0317660332988101,-0.5205771924837848,-0.7640364098725402
1.1094360132473549,1.6729255226484412,1.3190073168479337
0.35387422774821387,-0.7306899451593538,-0.27832401983001487
1.5173850855553082,1.864433409126081,1.3433854494833462
-0.23011665695241668,0.7856458897636549,0.4516069509923945
-1.8186429234178187,1.9299913657143954,0.039504273979322733
-0.8769089929938909,-0.8592418138883557,-0.9250053217086895
-1.79563111866441,-0.8721143955195587,-0.9542551935315637
-0.8445948614078933,1.3395549206903992,0.2683299566955998
-0.7856507916230244,1.253701912036183,0.26211794747826067
1.131241489205661,-1.1874306542900266,-0.02636452291725417
0.2944541835171619,-1.2327032193908396,-0.7248221279832098
-1.2309262757867034,1.5584384306372598,0.1468054585242016
-0.9537279471924958,-1.6641248497260417,-1.3399269845529866
1.8369212863655262,1.6809135254219565,1.2400184766121225
1.5302455232414798,-1.0589119827051992,0.18627976463424725
-1.6141533914335477,-0.2712916275284325,-0.7212449832287925
-0.6436954709616596,1.2404202472818229,0.36303852317062346
1.1391874407393572,1.2072045164315908,1.0968613186883593
-0.7400618837025799,1.6450335491332533,0.520080161462439
-0.712142719691232,1.056939697311324,0.20138331556978661
-0.3614842770369888,0.5963601195951371,0.17251454645463174
0.052191598570085596,1.7127324448541374,1.6773789543869495
0.7392454043389187,1.7845474228448803,1.451084948039914
1.9996430940983791,1.6207963829036518,1.2069567489962496
-0.17178771233073054,1.1209224044456652,0.8099886029928317
-0.1532389938223373,1.608247072528671,1.2616708995277743
0.1396931821354923,1.950764428028572,1.8342284071991057
-0.8586387656682186,0.9524403418857799,0.050467889699824305
0.4624151978845288,-0.048242491470325,0.2832114347644427
1.0018010602002465,1.4858924944058338,1.2427276636356803
1.8441696655495532,-1.2786850953958462,0.19882237582491183
-0.6676298053370018,-1.023064903087728,-1.0138309491794355
-1.5020612208575272,-0.8250394177900136,-0.930073420765451
-1.1437734176600434,-0.819409436226409,-0.9157604239860816
-1.7556289495945072,-0.994465169631003,-0.9979914457025096
1.2225974760104443,1.0863588989710808,1.0388549433278826
-1.0975193266124839,1.142429117630833,0.021410906897758566
-0.10417463237587254,-1.8679328889215143,-1.7860467569826046
1.8187081886942198,0.27070372740414417,0.7412657771666297
1.853570745918435,-0.7959858357361385,0.3706180797146867
1.419350865040347,0.1890719240248866,0.6648158447404073
1.4976265847663495,-1.9971002110766256,-0.19997930409481185
-0.6334396014050192,-0.7843069011241064,-0.8679515920329328
-0.775751021194675,0.4214244108239238,-0.19953619969333894
0.24643874601847005,-0.4121382298325229,-0.13293832877335593
-0.7687552975745247,-0.5128148459869317,-0.7245604552076027
0.3494160657521417,-1.6294844762831073,-0.9486091376994813
-1.2064197689655733,0.5360163253380361,-0.30384220312793864
-0.7746525409954583,0.4381067165967085,-0.18964040375473765
-1.8796841111511928,-1.1933980027891824,-1.067159450593999
-1.1961785654885162,1.3215149266843418,0.057070205112372485
-1.0919229965956663,-0.5974075092501323,-0.8075490869381737
-0.5199696852590217,-1.266336058908244,-1.1752245860501205
-0.5173316582028398,-0.8570547961003219,-0.9057917211923295
-1.8044112098716307,-0.3269527914135604,-0.7600040941865841
-0.17657010470756873,1.8872030661984267,1.4539150320464995
-1.4370528428736695,0.7447169204012853,-0.2840873658102592
-0.33620476308038416,-1.9854122267602285,-1.7374709730030709
-1.146262143367721,1.2924042287390458,0.06809144252156073
-1.4432331336063013,-1.088671582259897,-1.03629272255694
1.1510705487197348,0.5198213976777786,0.7767722669030952
1.1574695881473693,1.7089769794731313,1.3286150513398123
-0.9763754620146576,-1.6138688969326234,-1.3106033791306353
1.5833323880431127,-0.16549685298576433,0.5488397627884679
1.5112790101157842,1.7147507462225597,1.284616222786653
0.21752894284448576,1.147371066871588,1.1210411199977621
1.1484146510007487,1.6994599348183046,1.3255702685198552
0.6759098081675057,0.9319206551974406,0.9593776798305157
-0.04326779802694869,1.8574859540223714,1.7389764731802444
0.73854264637112,0.6852022933301574,0.8189301209683159
-1.8863123078805564,1.0561438910781842,-0.2876225190655033
0.28543265219243885,1.6462733200811068,1.5027671570181609
1.0774406003316641,-0.6991098537719429,0.18211386958516193
-1.1741100371608026,0.6809809846285142,-0.2268188105033873
-0.9032564516156252,-1.9224107741842862,-1.4846487048034307
-0.3539423201260501,0.4699417904185621,0.08567534123736721
-0.2329272942858056,-1.9919825818508556,-1.804575084393341
-1.674463603772451,0.9881327964040811,-0.25662372312723547
1.4564575636927741,-0.3423776166210244,0.4535311187696488
0.6955861119162234,1.2533723879209364,1.1494305633552246
0.12988963925929742,-1.455942391998958,-1.1736126314150102
0.5679259834789216,-1.8386536961541595,-0.8104513389437817
-0.38126510917404843,0.709382693126531,0.23754859351271546
0.08799328707434961,-1.3234142737306334,-1.135504236407903
1.9688865969536282,0.4259088397848654,0.8066308222064766
1.5537161944749198,0.5869348814055009,0.8382494031685337
0.06121051625548857,-0.9477213930543118,-0.8353770182441294
1.6096538295169434,-1.1983174756809283,0.15762104122145387
-1.6767389292534087,0.7693726503007539,-0.3389819862655548
-1.6580616720375305,0.8100478984488935,-0.31903464938742154
-1.2252666626762383,-0.022888626010511448,-0.5609014459353127
1.811234247724666,-0.5348285574181975,0.4540374717402349
-0.04884288911463841,-1.107261097686,-1.1022661246972294
0.6252655343503735,1.039634759933512,1.024386636580806
1.29266152930325,0.3485806972564953,0.7158676523256907
-1.589981300476628,-1.763437823732116,-1.2947657666839612
1.4538354665662268,0.9200817106380659,0.967431276281222
0.07745766115306862,-0.402950726972815,-0.3020936019624304
-0.4792927269513374,-0.7241355596124182,-0.8135159895255426
1.2726767107234234,-0.20253280847350252,0.4708737926518725
1.9158656404429952,-0.14913603772951767,0.6059022673092255
-1.7195232239982103,-1.6635445612436675,-1.2439929747200806
0.9304782008356196,-0.0614328929298984,0.4501710029823437
-1.5516952666546246,0.11367029279377316,-0.5635567039108711
-0.30654254561739913,1.7375734759440178,1.0952807737695165
0.7652204009416526,-0.8423121910038951,-0.043672614491152555
-0.031235847446693388,-0.5827553782801314,-0.5953936020038938
-0.4986028340883961,1.8632071065512212,0.9105843399081234
-0.32576782673813787,-0.5466849033032712,-0.6580735423244916
-1.932154019983865,-1.7554401504831376,-1.257639996171584
-1.8401577539146579,1.1688960562573358,-0.23634662431412687
1.6945877423118683,1.4771611830114852,1.177081330668452
1.9780271047530609,-0.315601980103863,0.5582303539131309
-0.42360744263227534,0.8581064610198359,0.3052098530646652
0.6003741396570987,0.10371992792808271,0.4399559141439532
-1.19702430375871,0.5776576103825515,-0.28191162579154655
-0.5839678791011602,-1.052742891680094,-1.0332979553285029
0.10593470149160567,-0.64105712656669,-0.48386439484478555
0.047534172724083223,0.9430472573022377,0.9456316135733708
1.0813927390079314,1.6213735790026345,1.2985374011147959
-0.4797768383119978,-0.33649851429824373,-0.5516205764792064
0.16918366144500174,0.9756311558877582,0.9791573856906928
1.952294980078105,-1.3873783750589408,0.1913482930503845
1.314499465972888,-0.5459861186134805,0.33204300050955804
-1.995870344049599,-0.33064256718692375,-0.7765732972581558
1.4704089487075631,0.08111204048265064,0.6280421668654975
-1.550423861299897,0.6523200050300018,-0.35213905809842555
0.8809708168848664,-1.872935914797952,-0.5273686805816102
-0.7204434548409306,-0.2824392156752009,-0.5829210298625341
1.1520814428162796,1.064593566132467,1.0300144617426457
1.1129706274043105,1.9467061891706914,1.44804512513914
1.2756224584583276,0.6849971516483992,0.8615750836959982
0.27399821285527315,1.3075853148903094,1.2414330819200696
1.4315738869744399,-1.043559523687569,0.15957333863692277
1.7526489911198735,-1.0588424714908307,0.2520504873186821
0.05437886829621963,0.14623213805716384,0.19026463104059796
0.9335225572631467,0.030329584935154585,0.4984954215184384
0.7091572254533238,1.329341926723512,1.1926925866262303
0.18252550930462297,-0.5014585109115415,-0.2697049654298495
1.868808319253688,0.01938607043360996,0.6581807425107112
-1.1267531817158036,-0.32137071156347297,-0.6809082999048209
1.960993813210957,-0.8553022416286136,0.37341907526085333
-1.74832203364433,-0.4026090361887342,-0.782634292307036
-1.2375574644979541,-1.516890174018442,-1.2310064354635102
-0.07380041190152609,0.44938609060399015,0.3497723362178292
-0.022639754977122006,-0.8157590883497519,-0.819837913836657
1.2216694068380147,-1.1487624754223345,0.032816282742734834
-0.7216174258630801,1.2429704146222411,0.30282743478725926
-0.7799526080520476,0.7306977270983062,-0.02767201819358842
-1.2638200804213837,-1.8602595028792837,-1.380003477449125
1.8035543145550257,1.7166315980141538,1.2556153787688953
-1.3580910447238077,-1.3649225003011396,-1.1547533548874833
-0.9280360138053498,0.04733416178977601,-0.45678703390884245
1.9892971555799273,-1.237420060382429,0.2515230357055731
-0.2548995425675491,0.04738186202348693,-0.16536597034650033
0.3517220437871118,-0.07535215400046091,0.20445763317756288
1.6397677363504748,0.8597798557053005,0.9468816356970268
-0.021925079665086944,0.3650367229439042,0.3357502913924614
-0.12947189272116955,-0.1394906371557867,-0.23813122894892125
1.414522271517698,0.32628966460909714,0.7209757212272768
-0.18351040496179083,0.39719051616823586,0.1805477250648621
-0.19281741977746103,1.8549883960421436,1.3934831506525005
0.9469653156470517,-0.43530958882648374,0.2627965288896402
-0.91134825611491,-1.8503484180106806,-1.4448945477571606
-0.1793367170105844,-0.6511189262003771,-0.7041717867616499
-0.4464948700771152,-1.0195323528391538,-1.0135032299410176
0.05021744055080557,0.7981831752886648,0.8078332953550184
1.9437413057694144,1.2637448492640688,1.0895951178682575
1.5933802160317554,1.5438771348473455,1.2097174689176722
-0.45892712201877783,0.33984718165524797,-0.08162158243980962
-0.4503340391392099,-0.3090095705874538,-0.52356463354976
-1.8292074398478486,-0.9504525270442961,-0.9824871544384287
1.4429792975127782,-1.8809372331689436,-0.17927206182305955
0.614866942285003,1.8731774356064173,1.5407116913117866
0.42028801925450354,-1.0503757613309213,-0.44363377958165495
0.807499614879581,-0.9324995747418412,-0.06915628575145667
0.3968182000990721,0.6494926913495322,0.7490673384513408
-1.1479727316796247,1.8083512265621393,0.3074426807858619
-1.078319598003405,0.8697295483761245,-0.10036476094806032
-1.8799814743795613,-0.2074638050857467,-0.7248120510618942
1.9537987805433659,0.20044149744897455,0.7293117906955251
0.24367235385142383,-0.8818353398996872,-0.5131279022742529
1.241671631502316,-0.08091791585928121,0.517807202148124
1.3973699425071215,-0.39566230733372576,0.41783607002506673
0.20041006608843315,-1.4587354479951364,-1.048246276380361
1.4923310982198275,1.5656802702221486,1.22696834727384
0.6086499272011459,0.24231682439880853,0.5289943680167458
-0.014882379073048568,-0.0683400462807211,-0.08200203991105016
-0.9379613561864457,-1.2944887478839942,-1.1519580083183363
-0.5044380000173629,-1.1211809089764588,-1.0805489551414285
-1.3519791294710042,0.27400864979293926,-0.4583248491327033
-0.8746504685265286,-0.9028067264812778,-0.9481539224775507
-1.5631424713758486,0.5479245831409827,-0.39608328431697176
0.5844394932486425,-1.4976645828216415,-0.5763710722083653
-0.655357776546396,-0.06660003405545334,-0.4361340012598868
-1.2693736993229994,-0.3306376527057453,-0.705045340265493
1.6764167359038327,-0.49262972299294283,0.4423029482032894
1.1058321492102308,-1.8688296601605954,-0.3623258915657254
-0.37807501776354613,-1.4143947134168808,-1.300705482702527
-1.4868445778420574,0.00015867711003814122,-0.5978201910881302
-0.6062034835175423,-0.40958039868646745,-0.6324129493104264
-1.1909662839942152,0.8289532014221153,-0.1652298737852489
1.0525063829753099,1.4026262977702837,1.1961632378393081
1.2449973685003415,0.9553661830317952,0.9801185437477727
1.9146731236813572,1.390102434584854,1.1338408864497773
0.596984215177248,-0.13808234530074204,0.2873552947582345
-0.8084822670579506,1.7155259736759474,0.5015496823718271
0.9023188896096888,1.5359392662800282,1.281729456195428
0.11460406241609444,1.071171603153212,1.063853708732171
-0.29100116921197117,1.0038212390868329,0.5521451776143379
1.8024323254074566,1.4180656585554106,1.1491795733174845
-0.009859768833589744,-1.586686244961478,-1.5809581320772028
0.33749327122939654,-1.5971378511320262,-0.9417950781500307
0.4113080381213887,-1.1277547913897212,-0.5076473271008961
1.3489607191273083,1.1940643883607773,1.0826171279836798
1.5938935595546213,1.5297934663358101,1.2042464172765737
-1.4808216534060086,0.8396115136085123,-0.2584668425951362
1.0003709555251388,-1.9103453430650559,-0.45490281941282734
-1.9623923606930465,0.14599523267835668,-0.6131521104752468
1.8269843028091337,-1.2428853238742095,0.20661557206190126
0.032880837235269134,0.008737985566941386,0.04029392481867742
-1.2636198814279878,-0.7710947607728245,-0.898876467243797
0.08601092753798101,0.6321304422141987,0.6612653257368483
-1.9657529435634227,0.35861820334399575,-0.5418977139371617
0.549337859050397,1.6093848854326884,1.393319560270854
-0.28837207097119366,0.8860124064763202,0.4638724705159252
1.4859418889095575,1.6713988386960525,1.2700782515035207
0.47300371913928263,-1.5110334953450981,-0.7047027531012382
0.7237217537244085,-0.5948458009155977,0.07476609988262393
-1.5948384363692658,1.5702892618012738,-0.009460771901599215
-1.043995309875584,0.9325655379848468,-0.054515669068497
0.8985460542992736,-1.8993793442945095,-0.5271577625040175
-0.6408235050509803,-1.3152979982726403,-1.1921583871160135
0.22861405578226135,-0.6719332897249188,-0.36082871741231637
-0.9776053653955978,1.9337096691522482,0.4834656703944532
-0.8573655400591922,-1.8682522980285587,-1.4674644162941068
-0.46574370622698247,-0.5291154759996681,-0.6787402040344074
1.0719968761484004,-0.3466013322347177,0.35009490229643014
1.2326681312742123,1.9882396541460068,1.4426272047794249
0.9207172722379267,0.1549495110269885,0.560033899217036
1.9144827806007902,0.981596314665445,0.9936854369299923
0.7564715902403916,-0.09606962851172662,0.3759821481873681
0.7424325733420027,-1.2596135919510996,-0.2968155132781629
-0.019904577339470375,-0.351797334274929,-0.36444773351642695
1.3807305635700344,-1.7337593751853944,-0.14828591568378663
-0.8044386664898249,-1.0168918141885497,-1.009361257050321
0.567323633855644,1.7387936022776769,1.4713727186389907
1.2355617115811905,-0.84425139009746,0.17503892621553296
0.27505792324344824,1.5550881358166144,1.4353434661263078
-1.5244611496909664,0.6343089635201391,-0.35261076855145734
1.0618286104862222,-0.21650081171097746,0.4099893630712103
0.6680553841920509,-1.6487245440925142,-0.5879116300298781
0.9633041508756524,0.5523446667664222,0.771988801106584
0.29352341856491293,-1.1543388502209244,-0.6654811341653442
-0.25539575203712994,0.8638923151824871,0.4847049722431752
-1.8941256582861885,1.2931342836922197,-0.2076590464803305
-0.9255066568311388,-1.0612551606775344,-1.0318124896947092
-1.7252039043879632,-0.356778875238573,-0.7639732117931616
-1.6795690735897462,-0.06292157658022246,-0.6502876404061497
0.20530888365572109,1.3693616567911842,1.3064456437680143
-0.026060976793744306,-1.5243692905178898,-1.5110508072887143
-0.5244686250020552,-0.1605318868487826,-0.4493372317517616
1.4540854621974408,-1.3414582993294193,0.045893741111677815
1.1525650904582112,-0.7838245440714533,0.17130285537998063
-1.7033534146077245,1.9323012675042222,0.08469031524304771
-0.9600957881128385,-0.378932464593452,-0.6831442936753076
-0.5110508777407117,1.9785155918348099,0.9711550654655768
-0.9309916964149045,-1.1397376849931375,-1.0723657617236655
1.5437506679882613,0.004036220536663748,0.608466430300341
-1.6691686722917605,1.0930759921709612,-0.21583224998147588
-0.5878812269068567,-1.458794021152094,-1.2889347221805818
1.2641815539022017,1.6091038117340348,1.2690172131666189
0.5761407512775851,-0.04829343216564519,0.33489859245380116
-0.841169943784196,1.9000721210995821,0.5751246270830394
-0.6012304888494415,1.9937238411519043,0.8696395440877683
0.17876172383815803,0.8307365046237192,0.8564056738921391
-0.16986100593261266,0.8606221257581321,0.5904642656884226
1.8003102289542512,-0.6475131660088791,0.41166762561727777
0.7375348115726821,1.9952996088127324,1.5728228304743226
-1.0474188832467908,-1.9813807025059336,-1.479325804082486
-0.8109765670573168,1.934217150181155,0.6202402634888914
-0.8077813269669334,0.3431513338683896,-0.2570167011726427
-0.6411546055166726,1.9391209844950374,0.7908861082406893
0.11327546056563298,0.46544826670346984,0.5198387530926666
-0.5449025256141455,0.05043452135005877,-0.32006420862540874
-0.3304807633621323,-0.4506266718357246,-0.5870866056146457
-1.9185625730683844,1.6953307739228407,-0.07648689844975723
0.23519738177086058,-0.4297263322459357,-0.15748814994748903
1.7643495955298776,1.9474221903031035,1.3427287893814672
-0.8292141586542616,1.0330337827507994,0.11142469192698914
-1.7479190292322437,0.7194193660420414,-0.3742831037774649
0.23301279437122435,-0.33122944035632296,-0.07965582063175934
0.4477481734940283,-0.20602849437669946,0.1669625170612076
0.7018399828348563,-0.3752689621336378,0.19189290649831228
1.8126151984529564,-0.2096321073706311,0.5699261996322945
-0.5139142519760256,-1.520143198585596,-1.3435750723045792
-1.7109173523444219,0.45566260392301894,-0.4630368931519986
1.126751988769608,-1.5578278616142756,-0.2026921216582749
1.4574134097768763,-0.7835140319108476,0.27423117949340736
0.1183273505730118,-0.12159461852996012,-0.0029215667087764815
-0.08979780950262883,-0.058792812788778015,-0.13634696362550214
0.43206494741146617,-1.1072843218266675,-0.47150052491382904
1.2434141615052798,0.1316713993723293,0.6129432471599261
1.2153012468129276,-0.747680674610876,0.21108667404706252
1.4377182865852367,-0.9923366757343759,0.18270429905776878
-0.7700357289214672,-1.1846276586173676,-1.1043073061185418
1.6814881500515337,-1.023509972885614,0.24537799175180933
0.7242198840420055,0.9580164131996605,0.9756506770459464
-0.5975878760928803,-1.322273196381178,-1.201724863592068
0.23984959059811617,0.05469308636082548,0.23756323282475839
-0.8434052388850812,0.15924545723731054,-0.3711391110408044
0.6850896741290211,1.5036320626377222,1.298875525955636
1.0024788475657003,-0.02039085615775349,0.49043613749119763
1.6892421149194194,1.367016814175836,1.1364759283441586
-0.7822424676447843,1.355834315619005,0.3218371564965661
0.4597106164895015,1.5378741726052336,1.3684800031795221
0.40418819610472667,0.3102096991411787,0.5087622138027319
1.4926221636786026,1.6008473950963347,1.2410503299904894
-1.8243187284853386,-1.3070976711544735,-1.1087333621581612
-0.7009206783201876,1.9800042092833774,0.7519948150823824
0.6483841595147797,-0.47860515736167564,0.10299722984663987
-0.9491797881274442,-0.5589981793373027,-0.7737500545876463
-0.14388965376931573,0.5908285748468374,0.39071856241096337
-1.784951667615645,1.9753069969313932,0.06835139421960679
-0.9659693904567179,1.956599566701834,0.5038889115231754
-0.03382065852912186,0.705854599217683,0.6500488601617845
-1.5095890557009395,-1.7654575348038355,-1.3050130988836497
1.518631152849676,-1.6459717195270427,-0.05055943445045083
0.20745393713454696,-1.1521197233411389,-0.7823617590319121
0.17739098694569178,-0.9939005081410714,-0.6934905483806306
0.2212948112025499,1.5695088685058511,1.4663156375364301
1.4175463097492593,-0.009537664237411647,0.5824122747240702
-1.190972147060771,1.3461218403257513,0.07081317463260153
1.9459332415937478,-1.189861072230253,0.2566494578656712
-0.7610474862888981,-0.4947464946386644,-0.7130948998848011
-0.41079282127184724,1.5357144118225707,0.7973683829327914
-1.448351189930556,-0.056351276158315144,-0.6145778727648749
-0.4279153108925122,1.1601594805722781,0.512806441736436
-1.0520457017098401,1.88669229476266,0.4067387935645691
1.3176761562364177,0.2197929762683568,0.6633666780269292
1.8808283541580604,0.12721815394535785,0.6970378867609702
1.4259116177603488,1.9993492062858844,1.41194790402484
1.959987388621455,0.9791258939975691,0.9929479071151879
1.5850085689674485,-1.6904277762032258,-0.040780989471878554
1.0845021156030574,-1.2956070048617874,-0.10127353082472464
1.4579149411779149,0.8435876667286628,0.9363638136328757
1.456934452369934,1.8956667401793474,1.3645464531279605
0.43072663711365333,-1.6722899529296873,-0.8677851405078769
-1.5659987156219635,1.13264347776102,-0.16888365345728712
1.2215198033059984,-0.1349927690653958,0.4890917616956041
-0.6900549023115294,-0.6339141497970604,-0.7833881907018316
0.6747282640379271,-0.5754132068770428,0.0593021920591621
-0.4587290461631257,-1.1057946864802708,-1.0725252484404428
-0.10281682109396506,-1.747773832721308,-1.6780580586171474
-0.13134036612047906,-1.3145475983446522,-1.2780309160392456
1.9490511837066462,-1.125177241715718,0.27936915660968814
1.608773375365483,-1.611723822962948,-0.0011309712163294942
-1.9857460833762302,-1.9956866050219322,-1.3334800003810192
-1.2754460255723425,1.7443649047159173,0.20607778601367954
-1.8159498584733185,1.5315520652203305,-0.1009953328526864
1.4808617276515998,-1.0318434742238112,0.18099285761195258
0.20276477679220584,1.0643221982668378,1.053478618186996
1.263235334164321,-0.005662664887421176,0.5556526315639407
-0.32198055036399964,1.2636287483012207,0.7123010982861614
-1.5518862449518762,-1.501991570523686,-1.196713929359791
-1.9191024589593475,-0.10330997996881619,-0.6928199566003409
-1.0558097405130318,-1.2764828306883547,-1.1344885303536687
-0.5658812762510865,-1.4469758507093204,-1.2854468327122703
0.34664248808915765,0.904276671855639,0.9289170444338279
-1.4799368494764367,0.38276153974108684,-0.442420664851601
-1.3512387692611676,0.9389403399438505,-0.17535370490972046
1.8367251860739993,-1.3382941113122606,0.1757065073517264
-0.8434096337261119,-0.4758291484753734,-0.7156514526480411
0.2592097558752835,1.5784008094360251,1.459336347052025
1.5621312589460103,-0.19557380857747209,0.5333674633557619
0.5959085891241673,-0.5273050889311248,0.04298711132991146
-0.46177813769383347,1.110520492488361,0.4438035691367039
0.26874364416249996,-0.12827430709497412,0.11071530305891693
1.416208131212795,0.766681546113777,0.9034361109574154
0.5204622161358672,0.6765369772817533,0.7872600717824465
0.2869363433145917,0.49450141710297624,0.6072077803047523
1.9665432971585934,1.5285292539853792,1.1781633372725804
-1.822912006032129,-0.45846474656801206,-0.8081643167499339
1.8338549014073022,-0.3307384749520126,0.5304140397974635
-1.4393555393515283,0.9272049725565319,-0.20995322679823258
-1.4199389182494726,0.36135541978975905,-0.4374422389245544
0.5812095789496241,-0.48123676905325485,0.06322552761334764
0.6942251670727653,-0.6091884075728036,0.050192123899850824
-1.217714346248377,0.8291823510525753,-0.17519478820753742
-1.7148654316764675,0.4659935833162101,-0.46001243147770365
-0.3275639273690789,-0.13717317934598405,-0.3500675915743381
-1.1056679128397588,1.0398306138089786,-0.03126670574658203
0.9136787080064876,-1.8768653482234696,-0.5033167982625204
-1.728029896650693,-1.1623658612477632,-1.0595176253189549
-0.30972661793196954,0.0059348844733051465,-0.23195049203347876
